url,title,years,nb_seasons,nb_episodes,episode_length,synopsis,mark,marks_nb
https://www.imdb.com/title/tt1806234/?ref_=chttvtp_i_31,Planète des hommes,2011,,8,50min,"Comme toutes les formes de vie, l'humanité a également tendance à s'adapter aux différents environnements naturels, mais elle a aussi tendance à les modifier.","9,0",28 k
https://www.imdb.com/title/tt0081912/?ref_=chttvtp_i_36,Only Fools and Horses,1981–2003,9,64,1h 35min,Une comédie qui suit deux frères dans le lôtissement dûr de Peckham à Londres alors qu'ils tentent de régler un certain nombre de contrats loufoques à la recherche du gros lot qui fera d'eux...,"9,0",56 k
https://www.imdb.com/title/tt10541088/?ref_=chttvtp_i_34,Clarkson à la ferme,2021– ,4,18,45min,Suivez Jeremy Clarkson alors qu'il tente de gérer une ferme à la campagne.,"9,0",55 k
https://www.imdb.com/title/tt2098220/?ref_=chttvtp_i_35,Hunter x Hunter,2011–2014,,148,24min,"Gon Freecss aspire à devenir chasseur. Avec ses amis et son potentiel, il recherche son père qui l'a quitté quand il était plus jeune.","9,0",132 k
https://www.imdb.com/title/tt0303461/?ref_=chttvtp_i_32,Firefly,2002–2003,,14,,"Cinq cents ans plus tard, un équipage renégat à bord d'un petit vaisseau spatial tente de survivre alors qu'il parcourt des régions inconnues de la galaxie et échappe aux factions en guerre ...","9,0",281 k
https://www.imdb.com/title/tt0903747/?ref_=chttvtp_i_1,Breaking Bad,2008–2013,5,62,45min,Un professeur de chimie de lycée chez qui on a diagnostiqué un cancer du poumon inopérable se tourne vers la fabrication et la vente de méthamphétamine pour assurer l'avenir de sa famille.,"9,5","2,1 M"
https://www.imdb.com/title/tt0098769/?ref_=chttvtp_i_37,The Civil War,1990,,9,11h 20min,Une étude approfondie de la guerre civile américaine.,"9,0",18 k
https://www.imdb.com/title/tt2092588/?ref_=chttvtp_i_33,Terres de glace,2011–2012,,10,,La série documentaire se focalise sur la vie et l'environnement dans l'Arctique et l'Antarctique.,"9,0",33 k
https://www.imdb.com/title/tt0296310/?ref_=chttvtp_i_28,The Blue Planet,2001,,8,6h 29min,La série Mammoth s'intéresse à la plus riche variété de vie dans les océans du monde.,"9,0",42 k
https://www.imdb.com/title/tt3032476/?ref_=chttvtp_i_30,Better Call Saul,2015–2022,6,63,,Les procès et tribulations de l'avocat criminel Jimmy McGill durant la période précédant la création de son cabinet d'avocats spécialisé dans les centres commerciaux à Albuquerque au Nouveau...,"9,0",640 k
https://www.imdb.com/title/tt2560140/?ref_=chttvtp_i_24,L'attaque des titans,2013–2023,4,98,24min,"Après la destruction de sa ville natale et la mort de sa mère, le jeune Eren Yeager promet de purger la terre des géants humanoïdes appelés Titans qui menacent l'humanité toute entière.","9,1",502 k
https://www.imdb.com/title/tt12392504/?ref_=chttvtp_i_26,Scam 1992: The Harshad Mehta Story,2020,,10,54min,"Situé dans les années 80 et 90 à Bombay, la série suit Harshad Mehta, un agent de change qui a porté le marché boursier à des hauteurs vertigineuses et sa chute catastrophique.","9,3",156 k
https://www.imdb.com/title/tt11126994/?ref_=chttvtp_i_29,Arcane,2021– ,2,10,41min,Raconte l'intensification des tensions entre deux villes suite à l'apparition de nouvelles inventions qui menacent de provoquer une véritable révolution.,"9,0",265 k
https://www.imdb.com/title/tt2788316/?ref_=chttvtp_i_25,Shōgun,2024,,10,,"Situé au 17e siècle, John Blackthorne, un marin qui passe du statut d'étranger à celui de samouraï tout en étant utilisé comme pion dans la lutte du leader japonais Toranaga.","9,2",30 k
https://www.imdb.com/title/tt0103359/?ref_=chttvtp_i_23,Batman,1992–1995,4,85,23min,Le Chevalier Noir combat le crime à Gotham City avec l'aide occasionnelle de Robin et de Batgirl.,"9,0",116 k
https://www.imdb.com/title/tt0386676/?ref_=chttvtp_i_27,The Office,2005–2013,9,188,22min,"Le quotidien d'un groupe d'employés de bureau ordinaire, pour qui une journée de travail typique implique des conflits égocentriques, des comportements inappropriés et de l'ennui total.","9,0",703 k
https://www.imdb.com/title/tt0047708/?ref_=chttvtp_i_249,Alfred Hitchcock présente,1955–1962,7,268,25min,"Des histoires courtes sans rapport englobant du crime, de l'horreur, du drame, de la comédie sur des personnes issues de contextes variés et commettant des meurtres, des suicides, des vols e...","8,5",19 k
https://www.imdb.com/title/tt0310455/?ref_=chttvtp_i_248,Foyle's War,2002–2015,8,28,1h 30min,Christopher Foyle enquête sur les crimes qui se produisent sur la côte sud de l'Angleterre.,"8,6",18 k
https://www.imdb.com/title/tt0988818/?ref_=chttvtp_i_246,Gintama,2005–2021,8,375,25min,"Dans un monde où les extraterrestres ont envahi et pris le contrôle de Tokyo, un samouraï au chômage trouve du travail comme il le peut.","8,7",15 k
https://www.imdb.com/title/tt3895150/?ref_=chttvtp_i_247,Your Lie in April,2014–2018,,25,23min,Un prodige du piano ayant perdu sa capacité de jouer après avoir subi un événement traumatisant pendant l'enfance est forcé à revenir sur le devant de la scène par une fille excentrique qui ...,"8,5",37 k
https://www.imdb.com/title/tt20859920/?ref_=chttvtp_i_245,Alchemy of Souls,2022– ,2,30,1h 20min,"Le destin de deux personnes devient tordu à cause du ""hwanhonsool"" (l'âme des morts qui revient aux vivants).","8,8",17 k
https://www.imdb.com/title/tt15614372/?ref_=chttvtp_i_243,À découper suivant les pointillés,2021,,6,20min,"Un dessinateur de bandes dessinées à Rome, avec son tatou pour conscience, réfléchit à son chemin dans la vie et à un amour potentiel alors qu'il voyage avec ses amis en dehors de la ville.","8,6",12 k
https://www.imdb.com/title/tt4295140/?ref_=chttvtp_i_244,Chef's Table,2015–2019,6,30,50min,"Découvrez les vies et les cuisines de six des chefs internationaux les plus renommés. Chaque épisode se concentre sur un chef et leur regard unique sur leur vie, leurs talents et leur passio...","8,5",17 k
https://www.imdb.com/title/tt0373732/?ref_=chttvtp_i_250,Les Boondocks,2005–2014,4,56,22min,"Sur la base de la bande dessinée, Huey et Riley s'éloignent de la ville et s'installent en banlieue avec leur grand-père irascible. Il s'ensuit un commentaire sociopolitique mordant.","8,5",35 k
https://www.imdb.com/title/tt0421291/?ref_=chttvtp_i_241,Avrupa Yakasi,2004–2009,6,190,,The life and times of the rather traditional Sutcuoglu family and their comedic struggles to adapt the high-profile contemporary life of Nisantasi.,"8,6",21 k
https://www.imdb.com/title/tt1439629/?ref_=chttvtp_i_242,Community,2009–2015,6,110,22min,Un avocat suspendu est obligé de s'inscrire dans un centre universitaire communautaire avec son personnel et corps étudiant éclectiques.,"8,5",291 k
https://www.imdb.com/title/tt2433738/?ref_=chttvtp_i_239,Wentworth,2013–2021,9,100,45min,Bea Smith est emprisonnée dans l'attente d'un procès pour avoir tenté de tuer son mari et doit apprendre le fonctionnement de la vie en prison.,"8,6",24 k
https://www.imdb.com/title/tt4269716/?ref_=chttvtp_i_238,Umbre,2014–2019,3,21,45min,"Relu est un père de famille dont personne ne suspecte l'activité criminelle pour un gangster local. Il parvient à dissimuler sa double vie pendant un temps, jusqu'au jour où il tue accidente...","8,7",11 k
https://www.imdb.com/title/tt2243973/?ref_=chttvtp_i_236,Hannibal,2013–2015,3,39,,Explore la relation précoce entre un psychiatre réputé et un jeune profileur criminel du FBI hanté par sa capacité d'empathie envers les tueurs en série.,"8,5",275 k
https://www.imdb.com/title/tt0475784/?ref_=chttvtp_i_237,Westworld,2016–2022,4,36,1h 2min,"Entre futur proche et passé réinventé, explorez un monde dans lequel chaque envie humaine peut être réalisée sans aucune conséquence.","8,5",530 k
https://www.imdb.com/title/tt0203082/?ref_=chttvtp_i_234,Kenshin le Vagabond - Le Chapitre de la Mémoire,1999,,4,1h 58min,"In the era of Japan's Meiji Restoration, an assassin regains his humanity.","8,6",16 k
https://www.imdb.com/title/tt10802170/?ref_=chttvtp_i_235,The Rehearsal,2022– ,2,7,30min,Nathan Fielder donne aux gens une chance de répéter pour leur propre vie dans un monde où rien ne se passe jamais comme prévu.,"8,5",26 k
https://www.imdb.com/title/tt7120662/?ref_=chttvtp_i_232,Derry Girls,2018–2022,3,19,30min,"Les exploits personnels d'une jeune fille de seize ans, de sa famille et de ses amis pendant les troubles du début des années quatre-vingt-dix.","8,5",57 k
https://www.imdb.com/title/tt20869502/?ref_=chttvtp_i_230,Extraordinary Attorney Woo,2022,,16,1h 15min,"En raison de son QI élevé de 164, de sa mémoire impressionnante et de son processus de pensée créatif, la brillante Woo Young Woo obtient son diplôme en tête de sa classe dans une prestigieu...","8,6",26 k
https://www.imdb.com/title/tt0120570/?ref_=chttvtp_i_231,De la Terre à la Lune,1998,,12,1h,Représentation dramatisée du programme spatial habité Apollo.,"8,6",13 k
https://www.imdb.com/title/tt7278862/?ref_=chttvtp_i_240,L'amie prodigieuse,2018– ,4,25,1h,Une femme raconte ses amitiés et ses conflits avec une fillette qu'elle a rencontrée à l'école primaire à Naples au début des années 50.,"8,6",18 k
https://www.imdb.com/title/tt0421357/?ref_=chttvtp_i_229,Fullmetal Alchemist,2003–2004,,51,24min,"Lorsqu'un rituel alchimique raté laisse les frères Edward et Alphonse Elric avec des corps gravement endommagés, ils commencent à chercher la seule chose qui puisse les sauver; la pierre phi...","8,5",77 k
https://www.imdb.com/title/tt3230854/?ref_=chttvtp_i_233,The Expanse,2015–2022,6,62,1h,L'état fragile de guerre froide du système solaire est menacé alors qu'une vaste conspiration est lentement découverte.,"8,5",171 k
https://www.imdb.com/title/tt0149460/?ref_=chttvtp_i_228,Futurama,1999– ,14,180,22min,"Fry, un livreur de pizza se retrouve accidentellement congelé en 1999 et décongelé pour le réveillon du Nouvel An 2999.","8,5",260 k
https://www.imdb.com/title/tt2575988/?ref_=chttvtp_i_225,Silicon Valley,2014–2019,6,53,28min,"Suit la lutte de Richard Hendricks, un ingénieur de la Silicon Valley qui tente de créer sa propre société appelée Pied Piper.","8,5",165 k
https://www.imdb.com/title/tt0436992/?ref_=chttvtp_i_226,Doctor Who,2005–2022,13,175,45min,"Les nouvelles aventures dans le temps et l'espace de l'aventurier extraterrestre connu sous le nom de Docteur, un Seigneur ou une Dame du Temps capable de changer d'apparence et de sexe en s...","8,6",245 k
https://www.imdb.com/title/tt3526078/?ref_=chttvtp_i_227,Schitt's Creek,2015–2020,6,80,22min,"Lorsque le riche magnat de la vidéothèque Johnny Rose et sa famille se retrouvent soudainement en faillite, ils sont obligés de quitter leur vie choyée pour se regrouper à Schitt's Creek.","8,5",144 k
https://www.imdb.com/title/tt4647692/?ref_=chttvtp_i_224,Letterkenny,2016–2023,12,81,30min,Comédie vive et entraînante sur la vie quotidienne des ploucs d'une petite ville.,"8,6",29 k
https://www.imdb.com/title/tt1710308/?ref_=chttvtp_i_223,Regular Show,2010–2017,8,244,23min,Les aventures quotidiennes surréalistes d'un oiseau et d'un raton laveur qui tentent de faire face à leurs emplois en tant que gardiens de parc.,"8,5",57 k
https://www.imdb.com/title/tt0417349/?ref_=chttvtp_i_222,Nord et Sud,2004,,4,3h 55min,"Une adaptation en quatre parties de l'histoire d'amour d'Elizabeth Gaskell, qui raconte l'histoire de Margaret Hale, une bourgeoise du sud obligée de s'installer dans la ville de Milton, dan...","8,6",35 k
https://www.imdb.com/title/tt1758429/?ref_=chttvtp_i_221,Spartacus: les dieux de l'arène,2011,,6,5h 31min,"Bien avant l'arrivée de Spartacus, la Maison de Batiatus affronte de nombreux défis face à ses concurrents, et au sein de sa propre maison.","8,5",145 k
https://www.imdb.com/title/tt5288312/?ref_=chttvtp_i_220,Skam,2015–2017,4,43,30min,"L'histoire d'adolescents et élèves du Lycée Hartvig Nissens à Oslo, qui parle de leurs ennuis, leurs conflits et leur vie de tous les jours. Chaque saison est racontée d'un point de vue diff...","8,6",38 k
https://www.imdb.com/title/tt4093826/?ref_=chttvtp_i_217,Twin Peaks: The Return,2017,,18,,25 ans après que les habitants d'une pittoresque ville du nord-ouest américain aient été stupéfaits par l'assassinat de leur reine de bal.,"8,5",75 k
https://www.imdb.com/title/tt0112159/?ref_=chttvtp_i_215,Neon Genesis Evangelion,1995–1996,,26,24min,Un adolescent se retrouve recruté par son père comme membre d'une équipe de pilotes d'élite.,"8,5",84 k
https://www.imdb.com/title/tt1586680/?ref_=chttvtp_i_216,Shameless,2011–2021,11,134,46min,Un homme alcoolique vit dans un état de stupeur permanent alors que ses six enfants font de leur mieux pour gérer les choses.,"8,5",281 k
https://www.imdb.com/title/tt0118273/?ref_=chttvtp_i_219,Brass Eye,1997–2001,2,7,25min,"Controversial spoof of current affairs television, and the role of celebrity in the UK.","8,6",12 k
https://www.imdb.com/title/tt0290988/?ref_=chttvtp_i_218,Trailer Park Boys,2001–2018,12,106,30min,Trois criminels réalisent un documentaire sur leur vie dans un parc à caravanes.,"8,5",50 k
https://www.imdb.com/title/tt1124373/?ref_=chttvtp_i_214,Sons of Anarchy,2008–2014,7,92,45min,Un homme d'une trentaine d'années peine à trouver l'équilibre entre sa vie de jeune père et son implication dans un club de motards.,"8,6",321 k
https://www.imdb.com/title/tt1513168/?ref_=chttvtp_i_213,Voyage dans l'espace-temps,2010–2017,8,62,1h,"Hosted by Morgan Freeman, Through the Wormhole will explore the deepest mysteries of existence - the questions that have puzzled mankind for eternity. What are we made of? What was there bef...","8,6",18 k
https://www.imdb.com/title/tt0290978/?ref_=chttvtp_i_212,The Office,2001–2003,3,14,,"L'histoire d'un bureau qui va se fermer ses portes, on décide de donner plus de pouvoir à ses succursales. Un équipage de film suit le personnel et le directeur David Brent alors qu'ils cont...","8,5",122 k
https://www.imdb.com/title/tt3428912/?ref_=chttvtp_i_211,Happy Valley,2014–2023,3,18,,"Catherine Cawood est la sergente de garde lorsque Kevin Weatherill, comptable agité et nerveux, se rend à son bureau de l'ouest du Yorkshire pour signaler un crime.","8,5",64 k
https://www.imdb.com/title/tt1442449/?ref_=chttvtp_i_209,Spartacus: le sang des gladiateurs,2010–2013,3,33,55min,L'histoire des plus grands gladiateurs de l'histoire se déroule sous le signe de la violence et des passions des femmes qui les aiment.,"8,5",256 k
https://www.imdb.com/title/tt0163507/?ref_=chttvtp_i_207,Whose Line Is It Anyway?,1998–2007,8,220,30min,Improvisational comedy competition show in which four members of the regular cast as comedians and often with guest appearances with other comedians and celebrities and members of the audien...,"8,5",46 k
https://www.imdb.com/title/tt8289930/?ref_=chttvtp_i_210,Formule 1: Pilotes de leur destin,2019– ,6,60,40min,Docuseries sur le Championnat du Monde de Formule 1 de la FIA 2018.,"8,5",50 k
https://www.imdb.com/title/tt10638036/?ref_=chttvtp_i_208,Heartstopper,2022– ,3,24,30min,"Deux adolescents, Charlie et Nick, découvrent que leur amitié improbable pourrait être quelque chose de plus alors qu'ils naviguent entre l'école et le jeune amour dans cette série sur le pa...","8,6",75 k
https://www.imdb.com/title/tt5897304/?ref_=chttvtp_i_204,Mob Psycho 100,2016–2022,3,37,24min,Un collégien télépathe tente de mener une vie normale et de garder le contrôle de ses pouvoirs grandissants malgré le fait qu'ils s'attire constemment des ennuis.,"8,6",44 k
https://www.imdb.com/title/tt1492966/?ref_=chttvtp_i_206,Louie,2010–2015,5,61,22min,"La vie de Louie C.K., un comédien divorcé vivant à New York avec deux enfants.","8,5",82 k
https://www.imdb.com/title/tt4082744/?ref_=chttvtp_i_205,Detectorists,2014–2022,3,20,30min,"La vie de deux détecteurs de métaux excentriques, qui passent leurs journées à arpenter les pistes labourées et les champs ouverts, dans l'espoir de tromper l'ennui en déterrant la fortune d...","8,6",21 k
https://www.imdb.com/title/tt0278238/?ref_=chttvtp_i_203,Samurai Jack,2001–2017,5,62,23min,Un samouraï retourne dans le temps et se bat pour rentrer chez lui et sauver le monde.,"8,5",59 k
https://www.imdb.com/title/tt0403778/?ref_=chttvtp_i_202,Long Way Round,2004–2010,,10,5h 15min,"Ewan McGregor and Charley Boorman embark on a grueling quest to motorbike from London to New York. Going east through Europe, Asia and then to Alaska, they experience different cultures and ...","8,6",15 k
https://www.imdb.com/title/tt0129690/?ref_=chttvtp_i_201,I'm Alan Partridge,1997–2002,2,12,29min,"A failed television presenter, now presenting a programme on local desperately tries to revive his broadcasting career.","8,6",22 k
https://www.imdb.com/title/tt0187664/?ref_=chttvtp_i_199,Les allumés,1999–2001,2,14,25min,"Les amis Tim et Daisy, vivent dans le nord de Londres et ont un avenir incertain. Ils sont obligés à prétendre qu'ils sont en couple pour vivre dans le seul appartement qu'ils peuvent se per...","8,5",57 k
https://www.imdb.com/title/tt4158110/?ref_=chttvtp_i_198,Mr. Robot,2015–2019,4,45,49min,"Elliot, un jeune ingénieur en cyber sécurité brillant et très instable, devient un personnage clé dans un jeu complexe de domination du monde lorsqu'il tente avec ses alliés mystérieux de re...","8,5",416 k
https://www.imdb.com/title/tt2244495/?ref_=chttvtp_i_196,The Eric Andre Show,2012– ,6,69,11min,"Eric Andre tente d'animer un talk-show dans un endroit bizarre, où il est parfois le farceur et parfois la victime.","8,6",22 k
https://www.imdb.com/title/tt2100976/?ref_=chttvtp_i_195,Impractical Jokers,2011– ,10,284,30min,"Q, Sal, Joe et Murr, meilleurs amis, adorent lancer les challenges aux défis et aux tours les plus outrageux jamais filmés sur caméra caché.","8,6",45 k
https://www.imdb.com/title/tt0487831/?ref_=chttvtp_i_197,The IT Crowd,2006–2013,5,25,25min,"Les mésaventures comiques de Roy, Moss et de Jen, leur nouvelle responsable inexpérimentée, une équipe hétéroclite d'assistance informatique au sein d'une grande entreprise.","8,5",164 k
https://www.imdb.com/title/tt1534360/?ref_=chttvtp_i_200,Ezel,2009–2011,2,71,1h 30min,"Après avoir été trahi par ses amis et la femme qu'il aimait, Ömer Uçar revient sous le nom d'Ezel pour se venger.","8,7",37 k
https://www.imdb.com/title/tt2701582/?ref_=chttvtp_i_194,Les enquêtes de Morse,2012–2023,9,36,1h 29min,"Dans les années 1960, la série suit Endeavour Morse pendant ses débuts en tant que gendarme. Travaillant aux côtés de son associé principal, DI Fred Thursday, Morse mène l'enquête près d'Oxf...","8,6",33 k
https://www.imdb.com/title/tt0086831/?ref_=chttvtp_i_192,"Yes, Prime Minister",1986–1987,2,16,30min,James Hacker was propelled along the corridors of power to the very pinnacle of politics - Number 10.,"8,6",13 k
https://www.imdb.com/title/tt0423731/?ref_=chttvtp_i_193,Samurai chanpurû,2004–2005,,26,24min,"Fuu, une serveuse employée dans une maison de thé, sauve deux maîtres épéistes, Mugen et Jin, de leur exécution pour qu'ils l'aide à trouver le « samurai qui sent le tournesol ».","8,6",55 k
https://www.imdb.com/title/tt6108262/?ref_=chttvtp_i_191,Soleil noir,2017– ,2,20,1h,"Un film et thriller historique pendant la période turbulente de la fin des années 1920 dans les Balkans, où la politique, les intérêts locaux et les activités criminelles s'entremêlent.","8,9",12 k
https://www.imdb.com/title/tt0863046/?ref_=chttvtp_i_187,Flight of the Conchords,2007–2009,2,22,28min,"Bret et Jemaine sont Flight of the Conchords, un groupe folk-rock néo-zélandais vivant à New York en quête de célébrité.","8,6",66 k
https://www.imdb.com/title/tt9544034/?ref_=chttvtp_i_184,The Family Man,2019– ,3,20,45min,Un homme qui travaille pour une section spéciale de l'Agence Nationale d'Investigations tente de protéger la nation des terroristes et sa famille de l'impact de son travail stressant au sala...,"8,7",98 k
https://www.imdb.com/title/tt0237123/?ref_=chttvtp_i_189,Six sexy,2000–2004,4,28,30min,Six meilleurs amis parlent de tous les aspects du sexe et des relations dans leur quête sans fin pour trouver le véritable amour.,"8,6",48 k
https://www.imdb.com/title/tt5189670/?ref_=chttvtp_i_188,Making a Murderer,2015–2018,2,20,1h,"Filmé sur une période de 10 ans, Steven Avery, innocenté par un test d'ADN, se retrouve suspect principal d'un nouveau crime effroyable alors qu'il tente de dénoncer la corruption dans les f...","8,5",102 k
https://www.imdb.com/title/tt0314979/?ref_=chttvtp_i_185,Battlestar Galactica,2003,,2,3h 3min,"Suite à la destruction des Douze Colonies de Kobol par les Cylons, une flotte fugitive de chiffons des derniers restes de l'humanité fuit les Cylons qui les poursuivent tout en cherchant sim...","8,5",80 k
https://www.imdb.com/title/tt0280249/?ref_=chttvtp_i_186,Dragon Ball,1995–2003,9,153,24min,"Dragon Ball raconte l'histoire d'un jeune guerrier nommé Son Goku, un jeune garçon particulier qui se lance dans une quête pour devenir plus fort et découvre le pouvoir des Dragon Balls.","8,5",65 k
https://www.imdb.com/title/tt13868972/?ref_=chttvtp_i_190,Rocket Boys,2022– ,2,17,,"L'histoire de deux hommes extraordinaires, Dr. Homi Jehangir Bhabha et Dr. Vikram Ambalal Sarabhai, qui ont créé l'histoire tout en construisant l'avenir de l'Inde.","8,9",18 k
https://www.imdb.com/title/tt10048342/?ref_=chttvtp_i_183,Le jeu de la dame,2020,,7,,"En pleine guerre froide, Beth Harmon est une orpheline prodige des échecs. Suivez-la dans sa quête pour devenir la plus grande joueuse d'échecs du monde tout en affrontant des problèmes d'ad...","8,5",545 k
https://www.imdb.com/title/tt12343534/?ref_=chttvtp_i_182,Jujutsu Kaisen,2020– ,3,48,24min,Un garçon avale un talisman maudit (le doigt d'un démon) et devient lui-même maudit. Il entre dans une école de chaman pour pouvoir localiser les autres parties du corps du démon et ainsi s'...,"8,6",109 k
https://www.imdb.com/title/tt0417373/?ref_=chttvtp_i_181,The Venture Bros.,2003–2018,7,86,22min,"Les vives et étranges aventures du savant pseudo-héroïque Dr. Rusty Venture, de son garde du corps compétent et très nerveux, et de ses deux fils trop enthousiastes.","8,6",28 k
https://www.imdb.com/title/tt0088509/?ref_=chttvtp_i_180,Dragon Ball,1986–1989,,153,25min,"Son Gokû, un combattant avec une queue de singe, part avec un groupe de personnages étranges à la recherche des Dragon Balls, des cristaux qui peuvent donner tout ce qu'il désire à celui qui...","8,5",65 k
https://www.imdb.com/title/tt0275137/?ref_=chttvtp_i_179,La Ligue des justiciers,2001–2004,2,52,22min,Les sept héros les plus redoutables au monde forment l'équipe la plus puissante de tous les temps.,"8,6",51 k
https://www.imdb.com/title/tt0106028/?ref_=chttvtp_i_177,Homicide,1993–1999,7,122,1h,Une série télévisée procédurale de la police étasunienne relatant le travail d'une version fictive de l'unité des homicides du département de police de Baltimore.,"8,7",14 k
https://www.imdb.com/title/tt4063800/?ref_=chttvtp_i_175,Le Bureau des Légendes,2015–2020,5,50,52min,"Au bout de six années d'infiltration en Syrie, l'officier de renseignement français Malotru rentre chez lui, où il s'efforce d'oublier son identité d'infiltré, et il forme une jeune recrue e...","8,7",14 k
https://www.imdb.com/title/tt6763664/?ref_=chttvtp_i_176,The Haunting of Hill House,2018,,10,,Inspiré du roman The Haunting of Hill House de Shirley Jackson.,"8,6",286 k
https://www.imdb.com/title/tt1489428/?ref_=chttvtp_i_172,Justified,2010–2015,6,78,,"Le maréchal américain Raylan Givens, un ancien de la vieille école, est transféré de Miami à sa région natale pauvre et minière de l'est du Kentucky.","8,6",118 k
https://www.imdb.com/title/tt0229889/?ref_=chttvtp_i_174,El Chavo del Ocho,1972–1983,8,357,30min,"Les mésaventures d'un enfant pauvre, sans abri et maladroit et de ses amis dans leur humble quartier.","8,7",13 k
https://www.imdb.com/title/tt0053488/?ref_=chttvtp_i_173,The Bugs Bunny Show,1960–1975,3,78,30min,TV series featuring the classic Looney Tunes animated shorts.,"8,6",36 k
https://www.imdb.com/title/tt0979432/?ref_=chttvtp_i_171,Boardwalk Empire,2010–2014,5,56,55min,"Un homme politique d'Atlantic City dans le New Jersey joue des deux côtés de la loi, conspirant avec des gangsters à l'époque de la prohibition.","8,6",202 k
https://www.imdb.com/title/tt7908628/?ref_=chttvtp_i_178,What We Do in the Shadows,2019–2024,6,51,30min,Un aperçu de la vie quotidienne (ou plutôt nocturne) de trois vampires vivant ensemble depuis plus de 100 ans à Staten Island.,"8,6",101 k
https://www.imdb.com/title/tt1870479/?ref_=chttvtp_i_168,The Newsroom,2012–2014,3,25,55min,"Une salle de rédaction subit des changements dans son fonctionnement et dans sa moralité lors de l'introduction d'une nouvelle équipe, apportant des résultats inattendus pour le présentateur...","8,6",124 k
https://www.imdb.com/title/tt14452776/?ref_=chttvtp_i_167,The Bear,2022– ,3,19,35min,Un jeune chef du monde de la gastronomie revient à Chicago pour diriger la sandwicherie de sa famille.,"8,6",204 k
https://www.imdb.com/title/tt4236770/?ref_=chttvtp_i_169,Yellowstone,2018– ,5,53,1h,Une famille dans un ranch du Montana affronte les personnes qui empiètent sur leurs terres.,"8,7",215 k
https://www.imdb.com/title/tt0380136/?ref_=chttvtp_i_170,QI,2003– ,21,333,30min,"A comedy panel game in which being Quite Interesting is more important than being right. Sandi Toksvig is joined each week by four comedians to share anecdotes and trivia, and maybe answer s...","8,6",33 k
https://www.imdb.com/title/tt7472896/?ref_=chttvtp_i_166,Mr Inbetween,2018–2021,3,26,30min,"Ray Shoesmith est un père de famille, ex-mari, petit ami, frère et meilleur ami, des rôles difficiles à concilier à notre époque. Encore plus difficile lorsque l'on est criminel aussi.","8,6",29 k
https://www.imdb.com/title/tt9103932/?ref_=chttvtp_i_165,Les Grandes Batailles de la 2ᵉ Guerre mondiale,2019,,10,,Une série d'archives colorées d'événements importants pendant la 2ème Guerre Mondiale.,"8,7",11 k
https://www.imdb.com/title/tt9174558/?ref_=chttvtp_i_163,Dopesick,2021,,8,,"La découverte de l'épicentre de la lutte de l'Amérique contre la dépendance aux opioïdes, des salles de réunion de Purdue Pharma à une communauté minière de Virginie en détresse, en passant ...","8,6",76 k
https://www.imdb.com/title/tt1641384/?ref_=chttvtp_i_162,La Ligue des justiciers: Nouvelle Génération,2010–2023,4,102,23min,Les super-héros adolescents s'efforcent de faire leurs preuves en tant que membres de la Jusice League.,"8,6",45 k
https://www.imdb.com/title/tt21056886/?ref_=chttvtp_i_158,Scavengers Reign,2023,,12,24min,Il suit l'équipage d'un cargo endommagé qui s'est échoué sur une planète magnifique mais dangereuse.,"8,7",14 k
https://www.imdb.com/title/tt5421602/?ref_=chttvtp_i_161,Anne with an E,2017–2019,3,27,1h,"Les aventures d'une jeune orpheline vivant à la fin du XIXème siècle. Anne apprend à gérer sa nouvelle vie sur l'Île-du-Prince-Édouard, dans cette nouvelle interprétation des romans de L.M. ...","8,6",66 k
https://www.imdb.com/title/tt1486217/?ref_=chttvtp_i_159,Archer,2009–2023,14,144,22min,Des opérations secrètes et des opérations d'espionnage passent au second plan face aux personnalités loufoques et aux relations entre agents secrets et drones.,"8,6",165 k
https://www.imdb.com/title/tt9335498/?ref_=chttvtp_i_160,Demon Slayer: Kimetsu no Yaiba,2019– ,4,66,24min,"Une famille est attaquée par des démons et deux membres seulement survivent: Tanjiro et sa soeur Nezuko, qui se transforme lentement en démon. Tanjiro cherche à devenir tueur de démons pour ...","8,6",144 k
https://www.imdb.com/title/tt10850932/?ref_=chttvtp_i_157,Crash Landing on You,2019–2020,,19,1h 10min,L'histoire d'amour secrète entre une héritière chaebol et un officier nord-coréen qui tombe amoureux d'elle et qui la protège après qu'elle se soit écrasée en parapente en Corée du Nord.,"8,7",41 k
https://www.imdb.com/title/tt0080306/?ref_=chttvtp_i_164,Yes Minister,1980–1984,3,22,30min,"Le distingué James Hacker a reçu l'excellent poste de Ministre du Cabinet au Département de l'Administration. Enfin, il est en position de pouvoir et peut apporter certaines réformes nécessa...","8,7",16 k
https://www.imdb.com/title/tt0094517/?ref_=chttvtp_i_156,Mystery Science Theater 3000,1988–1999,11,199,1h 32min,"La série a pour sujet un homme, Joel Robinson, ainsi que ses deux robots, Crow et Tom Servo. Ils sont tous trois prisonniers d'une station spatiale appartenant à un méchant scientifique.","8,6",26 k
https://www.imdb.com/title/tt7562112/?ref_=chttvtp_i_155,Pose,2018–2021,3,26,1h,"Dans le monde de 1987, Pose ""examine la juxtaposition de plusieurs segments de la vie et de la société à New York: l'essor de l'univers du luxe, la scène sociale et littéraire du centre-vill...","8,6",33 k
https://www.imdb.com/title/tt0092324/?ref_=chttvtp_i_154,La vipère noire III,1987,,6,3h,"In the Regency era, Mr E. Blackadder serves as butler to the foppish numskull Prince George amidst the fads and crazes of the time.","8,6",47 k
https://www.imdb.com/title/tt13111040/?ref_=chttvtp_i_151,The Offer,2022,,10,,"Les expériences inédites du producteur oscarisé Albert S. Ruddy lors de la réalisation du film ""Le Parrain"".","8,6",39 k
https://www.imdb.com/title/tt2049116/?ref_=chttvtp_i_152,Gomorra: La serie,2014–2021,5,58,55min,Ciro ne tient pas compte de la tradition dans sa tentative de devenir le prochain patron de son organisation criminelle. La lutte pour le pouvoir interne met sa vie et celle de toute sa fami...,"8,6",44 k
https://www.imdb.com/title/tt0096657/?ref_=chttvtp_i_153,Mr. Bean,1990–1995,,15,25min,"M. Bean a de la difficulté à accomplir les tâches les plus simples de la vie quotidienne, mais sa persévérance et sa débrouillardise lui permettent souvent de trouver des moyens ingénieux de...","8,6",132 k
https://www.imdb.com/title/tt0090509/?ref_=chttvtp_i_149,Le retour de Sherlock Holmes,1986–1988,2,13,,"Sherlock Holmes and Dr Watson solve the mysteries of the devil's foot, Silver Blaze, Wisteria Lodge and the Bruce-Partington Plans.","8,7",13 k
https://www.imdb.com/title/tt3398540/?ref_=chttvtp_i_148,Haikyuu!!,2014–2020,4,89,24min,"Déterminé à être devenir comme le joueur vedette du championnat de volleyball Shouyou, un petit garçon surnommé «le petit géant», rejoint le club de volley-ball de son école.","8,7",35 k
https://www.imdb.com/title/tt0096639/?ref_=chttvtp_i_145,Lonesome Dove,1989,,4,6h 24min,"En compagnie de plusieurs autres habitants d'une petite ville du Texas, deux ex-Rangers du Texas retrouvent leur esprit d'aventure en se joignant à un voyage de bétail vers le Territoire du ...","8,7",26 k
https://www.imdb.com/title/tt0094525/?ref_=chttvtp_i_150,Hercule Poirot,1989–2013,13,70,1h 40min,"De l'Angleterre à l'Égypte, l'excentrique et excellent détective Hercule Poirot, accompagné de ses élégants compagnons dignes de confiance, oppose son esprit à un ensemble de supercheries de...","8,6",52 k
https://www.imdb.com/title/tt5290382/?ref_=chttvtp_i_147,Mindhunter,2017–2019,2,19,1h,"À la fin des années 1970, deux agents du FBI sont chargés d'interviewer des tueurs en série pour résoudre des affaires en cours.","8,6",332 k
https://www.imdb.com/title/tt8595766/?ref_=chttvtp_i_146,Yeh Meri Family,2018–2023,2,12,30min,Set in the summer of 1998 it is a story about conflicting emotions towards family members from the eyes of a twelve year old.,"9,0",25 k
https://www.imdb.com/title/tt0088484/?ref_=chttvtp_i_144,La vipère noire II,1986,,6,2h 56min,"Dans la cour Tudor d'Elizabeth I, Lord Edmund Blackadder s'efforce de gagner la faveur de Sa Majesté tout en essayant d'éviter un destin macabre s'il l'offense.","8,6",50 k
https://www.imdb.com/title/tt1733785/?ref_=chttvtp_i_142,The Bridge: Bron/Broen,2011–2018,4,38,1h,"Lorsqu'un corps est retrouvé sur le pont entre le Danemark et la Suède, juste à la frontière, l'inspecteur danois Martin Rohde et la suédoise Saga Norén doivent se partager la juridiction et...","8,6",76 k
https://www.imdb.com/title/tt3322312/?ref_=chttvtp_i_143,Daredevil,2015–2018,3,39,54min,"Avocat aveugle de jour, justicier de nuit, Matt Murdock lutte contre le crime dans la ville de New York sous le nom de Daredevil.","8,6",472 k
https://www.imdb.com/title/tt9140342/?ref_=chttvtp_i_139,It's a Sin,2021,,5,,"Ritchie, Roscoe et Colin débarquent à Londres en 1981. Les jeunes hommes vont commencer leur vie d'adulte avec un virus nouveau qui se propage dans la communauté gay. C'est l'histoire de leu...","8,7",37 k
https://www.imdb.com/title/tt1305826/?ref_=chttvtp_i_140,Adventure Time avec Finn et Jake,2010–2018,10,289,11min,Un jeune garçon et son chien magique partent ensemble pour de folles aventures.,"8,6",111 k
https://www.imdb.com/title/tt4299972/?ref_=chttvtp_i_141,The Jinx: The Life and Deaths of Robert Durst,2015–2024,2,12,4h 39min,"Plongez dans la vie tourmentée et trouble de Robert Durst, suspecté d'avoir commis 3 meurtres en l'espace de 20 ans.","8,6",51 k
https://www.imdb.com/title/tt0994314/?ref_=chttvtp_i_136,Code Geass: Lelouch of the Rebellion,2006–2008,2,54,24min,"Après avoir reçu un pouvoir mystérieux lui permettant de contrôler les autres, un prince rejeté devient le leader masqué de la rébellion contre un empire tout puissant.","8,7",79 k
https://www.imdb.com/title/tt10332508/?ref_=chttvtp_i_138,Primal,2019– ,3,21,22min,"Un homme des cavernes au début de l'évolution. Un dinosaure au bord de l'extinction. Liés par la tragédie, ils forgent une amitié étrange qui est leur seul espoir de survie dans un monde vio...","8,7",20 k
https://www.imdb.com/title/tt0348914/?ref_=chttvtp_i_133,Deadwood,2004–2006,3,36,55min,"L'intrigue tourne autour des personnages de Deadwood, une ville de corruption et de crime dans le Dakota du Sud à la fin des années 1800.","8,6",117 k
https://www.imdb.com/title/tt4786824/?ref_=chttvtp_i_132,The Crown,2016–2023,6,60,58min,Suit les rivalités politiques et l'histoire du règne de la reine Elizabeth II et les événements qui ont marqué la seconde moitié du XXème siècle.,"8,6",255 k
https://www.imdb.com/title/tt0106179/?ref_=chttvtp_i_134,X Files: aux frontières du réel,1993–2018,11,217,45min,"Deux agents du F.B.I., le croyant Fox Mulder et la sceptique Dana Scully, enquêtent sur les évènements étranges et inexpliqués, tandis que des forces cachées tentent d'entraver leurs efforts...","8,6",248 k
https://www.imdb.com/title/tt4834232/?ref_=chttvtp_i_137,Critical Role,2015– ,3,412,3h,"A live weekly show in which a band of professional voice actors improvise, role-play, and roll their way through an epic Dungeons and Dragons campaign.","9,2",12 k
https://www.imdb.com/title/tt0773262/?ref_=chttvtp_i_135,Dexter,2006–2013,8,96,55min,"De jour, Dexter est analyste de traces de sang pour la police de Miami. De nuit, il est tueur en série de meurtriers.","8,7",761 k
https://www.imdb.com/title/tt1266020/?ref_=chttvtp_i_131,Parks and Recreation,2009–2015,7,124,22min,Les singeries absurdes des fonctionnaires de la ville d'Indiana alors qu'elles poursuivent divers projets pour améliorer la ville.,"8,6",286 k
https://www.imdb.com/title/tt0111958/?ref_=chttvtp_i_129,Father Ted,1995–1998,3,25,25min,"Trois prêtres inadaptés et leur gouvernante vivent sur Craggy Island, pas dans la partie paisible et tranquille de l'Irlande qu'elle semble être.","8,7",44 k
https://www.imdb.com/title/tt4288182/?ref_=chttvtp_i_130,Atlanta,2016–2022,4,41,30min,"Earn et son cousin Alfred tentent de se frayer un chemin à travers le monde du rap. Tout au long de leur parcours, ils sont confrontés à des problèmes sociaux et économiques touchant à la di...","8,6",87 k
https://www.imdb.com/title/tt0268093/?ref_=chttvtp_i_128,Ramayan,1987–1988,,78,30min,"An adaptation of the ancient epic in which the exiled Prince Rama and his brother Laxman set out to save Rama's wife, Sita, who has been kidnapped by the demon king of Lanka Ravana.","9,0",24 k
https://www.imdb.com/title/tt1856010/?ref_=chttvtp_i_125,House of Cards,2013–2018,6,73,,"Un membre du Congrès se venge des personnes qui l'ont trahi avec l'aide de sa femme, aussi malhonnête que lui.","8,6",529 k
https://www.imdb.com/title/tt5555260/?ref_=chttvtp_i_127,This Is Us,2016–2022,6,106,45min,"L'histoire touchante et émouvante de trois frères et soeurs, de leurs difficultés quotidiennes et de leurs merveilleux parents.","8,7",158 k
https://www.imdb.com/title/tt10801534/?ref_=chttvtp_i_126,How to with John Wilson,2020–2023,3,18,30min,Un New-Yorkais anxieux tente de donner des conseils au quotidien tout en essayant de s'occuper de ses propres problèmes personnels.,"8,7",13 k
https://www.imdb.com/title/tt0434706/?ref_=chttvtp_i_124,Monster,2004–2005,,75,24min,Un brillant neurochirurgien vivant en Allemagne trouve sa vie complètement bouleversée après s'être impliqué avec un psychopathe qui était autrefois un ancien patient.,"8,7",43 k
https://www.imdb.com/title/tt0459159/?ref_=chttvtp_i_123,The Thick of It,2005–2012,4,24,29min,"Dans les coulisses du pouvoir, le ministre des Affaires sociales doit dépendre de son équipe de fonctionnaires pas aussi fiable qu'elle n'y paraît.","8,7",26 k
https://www.imdb.com/title/tt1628033/?ref_=chttvtp_i_120,Top Gear,2002–2022,33,328,1h,"Les hôtes parlent de tout ce qui concerne la voiture. Des nouvelles voitures à leur carburant, ce spectacle a tout.","8,7",126 k
https://www.imdb.com/title/tt1795096/?ref_=chttvtp_i_118,Behzat Ç.: Bir Ankara Polisiyesi,2010–2019,4,105,1h 30min,An inharmonious police team in Ankara Police Force and its discredited police chief fight crime.,"8,9",33 k
https://www.imdb.com/title/tt0988824/?ref_=chttvtp_i_121,Naruto: Shippuden,2007–2017,,501,24min,"Naruto Uzumaki, est un ninja adolescent fort, hyperactif, qui cherche constamment à obtenir l'approbation et la reconnaissance, ainsi que de devenir Hokage, reconnu comme le leader et le plu...","8,7",165 k
https://www.imdb.com/title/tt2303687/?ref_=chttvtp_i_119,Line of Duty,2012–2021,7,37,1h,Steve Arnott est transféré à l'unité de lutte contre la corruption de la police après la mort d'un homme victime d'une fusillade lors d'une opération antiterroriste.,"8,7",69 k
https://www.imdb.com/title/tt0758745/?ref_=chttvtp_i_115,Friday Night Lights,2006–2011,5,76,44min,"Les épreuves et les tribulations des footballeurs d'une petite ville du Texas, de leurs amis, de leur famille et de leurs entraîneurs.","8,7",72 k
https://www.imdb.com/title/tt14392248/?ref_=chttvtp_i_114,Aspirants,2021– ,2,10,,C'est l'histoire du parcours de trois aspirants à l'UPSC (concours de la fonction publique en Inde) et de leur amitié contre toute attente.,"9,2",310 k
https://www.imdb.com/title/tt1518542/?ref_=chttvtp_i_116,Sarabhai V/S Sarabhai,2004–2017,2,79,30min,"The show revolves around the lives of the members of an Uber Wealthy - High Society Gujarati family of Cuffe Parade - South Mumbai, whose daughter-in-law is from a middle class Delhi backgro...","8,9",18 k
https://www.imdb.com/title/tt5712554/?ref_=chttvtp_i_112,The Grand Tour,2016–2024,5,46,1h,"Suivez Jeremy, Richard et James alors qu'ils se lancent dans une aventure à travers le monde, conduisant de nouvelles et formidables voitures de fabricants du monde entier.","8,7",83 k
https://www.imdb.com/title/tt6025022/?ref_=chttvtp_i_113,Justice League Unlimited,2004–2006,3,39,23min,La suite de la série animée Justice League voit les membres originaux de l'équipe rejoints dans leur lutte contre le crime et le mal par des dizaines d'autres héros de l'univers DC comics.,"8,7",20 k
https://www.imdb.com/title/tt8111088/?ref_=chttvtp_i_117,The Mandalorian,2019– ,4,25,40min,"La série se déroule après la chute de l'Empire et avant l'émergence du Premier Ordre, et suit les épreuves d'un tireur solitaire dans les confins de la galaxie, loin de l'autorité de la Nouv...","8,7",582 k
https://www.imdb.com/title/tt5788792/?ref_=chttvtp_i_111,La fabuleuse Mme Maisel,2017–2023,5,43,,Une femme au foyer dans les années 1950 décide de devenir humoriste.,"8,7",142 k
https://www.imdb.com/title/tt0086661/?ref_=chttvtp_i_110,Les aventures de Sherlock Holmes,1984–1985,2,13,,"Sherlock Holmes et le Dr. Watson résolvent les mystères des hêtres pourpres, l'interprète grec, l'entrepreneur de Norwood, le pensionnaire en traitement, la ligue des rouquins et le dernier ...","8,7",24 k
https://www.imdb.com/title/tt0158417/?ref_=chttvtp_i_109,Mahabharat,1988–1990,,94,45min,"When a dynastic struggle between the collateral branches of the Kuru clan, the Kauravas and Pandavas lead them to the threshold of war, Lord Krishna decides to step in and take control of th...","8,9",23 k
https://www.imdb.com/title/tt13991232/?ref_=chttvtp_i_122,1883,2021–2022,,10,,Suit la famille Dutton dans un voyage vers l'ouest à travers les Grandes Plaines vers le dernier bastion de l'Amérique sauvage.,"8,7",114 k
https://www.imdb.com/title/tt4508902/?ref_=chttvtp_i_103,One Punch Man,2015–2019,2,25,24min,"L'histoire de Saitama, un héros qui le fait juste pour le plaisir et peut vaincre ses ennemis d'un seul coup de poing.","8,7",184 k
https://www.imdb.com/title/tt0804503/?ref_=chttvtp_i_104,Mad Men,2007–2015,7,92,,"Un drame sur l'une des agences de publicité les plus prestigieuses de New York au début des années 1960, mettant l'accent sur Donald Draper, l'un des directeurs de publicité les plus mystéri...","8,7",259 k
https://www.imdb.com/title/tt0387764/?ref_=chttvtp_i_106,Peep Show,2003–2015,9,54,25min,"Mark et Jez, un couple de colocataires d'une vingtaine d'années, n'ont rien en commun, à l'exception du fait que leur vie est tout sauf normale. Le chaos s'ensuit alors que les deux hommes s...","8,7",66 k
https://www.imdb.com/title/tt0092455/?ref_=chttvtp_i_107,Star Trek: La nouvelle génération,1987–1994,7,176,44min,"Des décennies après la mission de cinq ans du capitaine Kirk, une nouvelle génération d'officiers de Starfleet se lance dans la nouvelle Entreprise pour accomplir sa mission.","8,7",135 k
https://www.imdb.com/title/tt0096697/?ref_=chttvtp_i_98,Les Simpson,1989–2025,36,763,22min,Les aventures satiriques d'une famille de classe moyenne dans la ville de Springfield.,"8,7",434 k
https://www.imdb.com/title/tt0367279/?ref_=chttvtp_i_100,Arrested development - Les nouveaux pauvres,2003–2019,5,84,22min,"Après l'emprisonnement de son père, Michael Bluth prend la tête des affaires familiales. Mais le reste de sa famille, gâtée et dysfonctionnelle, rend son travail insupportable.","8,7",323 k
https://www.imdb.com/title/tt0318871/?ref_=chttvtp_i_99,Berserk,1997–1998,,25,23min,"Guts est un combattant talentueux qui va rejoindre un groupe de mercenaires, mené par un chef charismatique du nom de Griffith. Au fur et à mesure de leurs combats, ils vont se frayer un che...","8,7",52 k
https://www.imdb.com/title/tt0412142/?ref_=chttvtp_i_101,Dr House,2004–2012,8,176,,Un médecin antisocial et non-conformiste se spécialise dans le diagnostic médical fait tout ce qu'il peut pour résoudre les cas mystérieux qui se présentent à lui en utilisant son équipe de ...,"8,7",508 k
https://www.imdb.com/title/tt6741278/?ref_=chttvtp_i_105,Invincible,2021– ,3,18,,Une série animée pour adultes inspirée de la bande dessinée sur un adolescent dont le père est le super-héros le plus puissant de la planète.,"8,7",193 k
https://www.imdb.com/title/tt1606375/?ref_=chttvtp_i_97,Downton Abbey,2010–2015,6,52,,Une chronique de la vie de la famille aristocrate britannique nommée Crawley et de leurs serviteurs au début du XXème siècle.,"8,7",223 k
https://www.imdb.com/title/tt0407362/?ref_=chttvtp_i_95,Battlestar Galactica,2004–2009,4,74,44min,"Quand de vieux ennemis appelés les Cylons refont surface et effacent les 12 colonies, l'équipage du vieux Galactica protège la dernière petite flotte civile de l'humanité et se dirige vers l...","8,7",175 k
https://www.imdb.com/title/tt5687612/?ref_=chttvtp_i_94,Fleabag,2016–2019,2,12,,Une série comique en six parties adaptée d'une pièce primée qui raconte l'histoire d'une jeune femme essayant de faire face à la vie à Londres tout en faisant face à une tragédie récente.,"8,7",198 k
https://www.imdb.com/title/tt0286486/?ref_=chttvtp_i_96,The Shield,2002–2008,7,89,47min,Suit la vie et les affaires d'un flic corrompu d'un commissariat de Los Angeles et de l'équipe sous son commandement.,"8,7",87 k
https://www.imdb.com/title/tt1190634/?ref_=chttvtp_i_93,The Boys,2019– ,4,32,1h,"Une histoire d'action centrée sur une équipe de la CIA chargée de maintenir les super-héros en ligne, par tous les moyens nécessaires.","8,7",639 k
https://www.imdb.com/title/tt11280740/?ref_=chttvtp_i_102,Severance,2022– ,2,19,55min,"Mark dirige une équipe d'employés dont les souvenirs ont été divisés entre leur travail et leur vie personnelle. Lorsqu'un mystérieux collègue apparaît en dehors du travail, il commence un v...","8,7",195 k
https://www.imdb.com/title/tt14986406/?ref_=chttvtp_i_92,Bleach: Thousand-Year Blood War,2022– ,2,27,24min,La paix est soudainement rompue lorsque des sirènes d'alerte retentissent dans la Soul Society. Des habitants disparaissent sans laisser de trace et personne ne sait qui est derrière tout ce...,"9,0",35 k
https://www.imdb.com/title/tt5753856/?ref_=chttvtp_i_91,Dark,2017–2020,3,26,,Une saga familiale avec une touche de surnaturel se déroulant dans une petite ville allemande où la disparition de deux jeunes enfants expose les relations de quatre familles.,"8,7",439 k
https://www.imdb.com/title/tt1910272/?ref_=chttvtp_i_89,Steins;Gate,2011–2015,,26,24min,"Après avoir découvert le voyage dans le temps, un étudiant et ses collègues doivent se servir de leurs connaissances pour arrêter une organisation diabolique et leurs plans maléfiques.","8,8",73 k
https://www.imdb.com/title/tt0118421/?ref_=chttvtp_i_88,Oz,1997–2003,6,56,55min,Une série relatant les activités quotidiennes d'un établissement pénitentiaire inhabituel et de ses habitants criminels.,"8,7",106 k
https://www.imdb.com/title/tt12004706/?ref_=chttvtp_i_87,Panchayat,2020– ,3,24,,"Panchayat illustre le parcours d'Abhishek, un diplômé en génie civil, qui, faute de mieux, rejoint en tant que secrétaire d'un bureau de Panchayat dans un village isolé de l'Uttar Pradesh.","8,9",84 k
https://www.imdb.com/title/tt13309742/?ref_=chttvtp_i_90,Blue Eye Samurai,2023,2,9,,Un maître du sabre métis mène une vie déguisée tout en cherchant à se venger dans le Japon de l'époque d'Edo.,"8,8",60 k
https://www.imdb.com/title/tt0248654/?ref_=chttvtp_i_85,Six pieds sous terre,2001–2005,5,63,1h,Une série dramatique qui présente un regard sombre et comique sur les membres d'une famille dysfonctionnelle gérants de pompes funèbres en Californie,"8,7",148 k
https://www.imdb.com/title/tt2442560/?ref_=chttvtp_i_84,Peaky Blinders,2013–2022,6,36,,"L'épopée d'une famille de gangsters se déroulant en 1919 à Birmingham en Angleterre, d'un gang cousant des lames de rasoir sur les visières de leurs casquettes, et de leur féroce patron Tomm...","8,8",641 k
https://www.imdb.com/title/tt10530900/?ref_=chttvtp_i_82,Gullak,2019– ,4,16,,"Set in quaint by-lanes in the heart of India, Gullak is a collection of disarming and relatable tales of the Mishra family.","9,1",21 k
https://www.imdb.com/title/tt9432978/?ref_=chttvtp_i_81,Kota Factory,2019–2021,3,11,,"Dédié à Shrimati SL Loney ji, Shri Irodov ji et Maanniya HC Verma ji, 'Kota Factory' est la dernière création originale de TVF. La première série indienne en noir et blanc illustre les probl...","9,0",80 k
https://www.imdb.com/title/tt3581920/?ref_=chttvtp_i_83,The Last of Us,2023– ,2,10,50min,"20 ans après une pandémie transformant les humains en zombies, un homme ayant perdu sa fille à l'aube de cette pandémie ainsi qu'une orpheline ayant croisé sa route vont se lancer dans un vo...","8,7",508 k
https://www.imdb.com/title/tt10233448/?ref_=chttvtp_i_80,Vinland Saga,2019–2023,2,48,24min,Thorfinn se lance dans un voyage avec son père meurtrier afin de se venger et de mettre fin à sa vie en un duel en tant que guerrier honorable et rendre hommage à son père.,"8,8",69 k
https://www.imdb.com/title/tt0384766/?ref_=chttvtp_i_86,Rome,2005–2007,2,22,,Un récit réaliste des vies des Romains illustres et ordinaires durant les derniers jours de la République romaine.,"8,7",184 k
https://www.imdb.com/title/tt3718778/?ref_=chttvtp_i_79,La Forêt de l'Étrange,2014,,10,11min,Deux frères se retrouvent perdus dans un pays mystérieux et tentent de retrouver le chemin du retour.,"8,8",70 k
https://www.imdb.com/title/tt10986410/?ref_=chttvtp_i_78,Ted Lasso,2020–2023,3,34,,"L'histoire de l'entraîneur de football américain Ted Lasso, qui se rend au Royaume-Uni pour diriger une équipe de football londonienne dans l'élite du football anglais.","8,8",342 k
https://www.imdb.com/title/tt0121955/?ref_=chttvtp_i_77,South Park,1997– ,30,330,22min,Suit les mésaventures de quatre collégiens insolents dans la ville tranquille et dysfonctionnelle de South Park dans le Colorado.,"8,7",404 k
https://www.imdb.com/title/tt0074006/?ref_=chttvtp_i_75,Moi Claude empereur,1976,,13,11h 9min,"Les affaires personnelles et gouvernementales de la dynastie julio-claudienne au début de l'Empire romain, telles qu'elles sont évoquées par l'un de ses souverains.","8,8",19 k
https://www.imdb.com/title/tt5182866/?ref_=chttvtp_i_74,Réponds-moi 1988,2015–2016,,20,,Suit la vie de cinq familles vivant dans la même rue dans un quartier appelé Ssangmundong à Séoul. Il jette un regard nostalgique sur l'année 1988.,"9,1",11 k
https://www.imdb.com/title/tt0121220/?ref_=chttvtp_i_73,Dragon Ball Z,1989–1996,,291,24min,"Son Goku continue ses aventures avec une nouvelle famille et la révélation de son origine extraterrestre. Maintenant, Goku et ses alliés doivent défendre la planète contre une attaque de nou...","8,8",87 k
https://www.imdb.com/title/tt0353049/?ref_=chttvtp_i_72,Chappelle's Show,2003–2006,3,33,22min,L'humoriste Dave Chappelle anime ce sketch qui parodie de nombreux aspects raciaux et culturels.,"8,8",71 k
https://www.imdb.com/title/tt2085059/?ref_=chttvtp_i_76,Black Mirror,2011– ,7,29,1h,Une série d'anthologie explorant un monde tourné vers la haute technologie où se heurtent les plus grandes innovations et les instincts les plus sombres de l'humanité.,"8,7",635 k
https://www.imdb.com/title/tt2707408/?ref_=chttvtp_i_71,Narcos,2015–2017,3,30,49min,"Un article sur les exploits criminels du seigneur colombien de la drogue, Pablo Escobar, ainsi que sur les nombreux autres grands noms de la drogue qui ont frappé le pays au fil des ans.","8,8",467 k
https://www.imdb.com/title/tt0214341/?ref_=chttvtp_i_70,Dragon Ball Z,1989–1996,16,277,24min,"Après avoir appris qu'il était originaire d'une autre planète, le guerrier Goku et ses amis sont amenés à la défendre d'une attaque extraterrestre.","8,8",146 k
https://www.imdb.com/title/tt0096548/?ref_=chttvtp_i_68,La vipère noire IV,1989,,6,2h 55min,"Coincé au milieu de la Première Guerre mondiale, le capitaine Edmund Blackadder fait de son mieux pour échapper à la banalité de la guerre.","8,8",57 k
https://www.imdb.com/title/tt0193676/?ref_=chttvtp_i_67,Freaks & Geeks,1999–2000,,18,,Une lycéenne matheuse commence à fréquenter un groupe de zonards tandis que son frère cadet traverse sa première année au lycée.,"8,8",153 k
https://www.imdb.com/title/tt0098936/?ref_=chttvtp_i_69,Mystères à Twin Peaks,1990–1991,2,30,,Un agent du FBI singulier enquête sur le meurtre d'une jeune femme dans la ville encore plus singulière de Twin Peaks.,"8,8",214 k
https://www.imdb.com/title/tt0072500/?ref_=chttvtp_i_64,L'hôtel en folie,1975–1979,2,12,30min,"L'incompétence, la mèche courte et l'arrogance du propriétaire de l'hôtel de Basil Fawlty forment un mélange improbable qui est souvent le garant d'accidents et de situations comiques.","8,8",100 k
https://www.imdb.com/title/tt0112130/?ref_=chttvtp_i_66,Orgueil et préjugés,1995,,6,5h 27min,"Tandis que l'arrivée de messieurs riches envoie sa mère soucieuse du mariage dans une frénésie, Elizabeth Bennet, obstinée et opiniâtre, s'allie avec le hautain M. Darcy.","8,8",92 k
https://www.imdb.com/title/tt1831164/?ref_=chttvtp_i_65,Leyla ile Mecnun,2011–2023,7,144,1h 20min,"Une comédie télévisée turque se déroulant à Istanbul, Leyla et Mecnun est une comédie surréaliste et absurde qui tourne autour de l'histoire d'amour fictive entre Leyla et Mecnun.","9,1",96 k
https://www.imdb.com/title/tt3398228/?ref_=chttvtp_i_63,BoJack Horseman,2014–2020,6,77,,"Bojack Horseman, ancienne star de l'émission ""Horsin' Around"" dans les années 90 maintenant has-been vit à Hollywood, se plaint de tout et porte des pulls colorés.","8,8",186 k
https://www.imdb.com/title/tt0264235/?ref_=chttvtp_i_61,Larry et son nombril,2000–2024,12,120,28min,La vie de Larry David et les problèmes auxquels il est confronté avec ses amis et de parfaits inconnus.,"8,8",144 k
https://www.imdb.com/title/tt0200276/?ref_=chttvtp_i_59,À la Maison Blanche,1999–2006,7,155,44min,La vie des membres du personnel de l'aile ouest de la Maison-Blanche.,"8,9",85 k
https://www.imdb.com/title/tt0388629/?ref_=chttvtp_i_62,One Piece,1999– ,,1108,24min,"""Suivez les aventures de Monkey D. Luffy et de ses amis afin de trouver le plus grand trésor jamais laissé par le légendaire Pirate, Gol D Roger. Le fameux trésor mystérieux nommé """"One Piec...","9,0",227 k
https://www.imdb.com/title/tt0063929/?ref_=chttvtp_i_58,"Monty Python's Flying Circus ; Absurde, n'est-il pas?",1969–1974,4,45,30min,Les sketches à la fois comiques et surréalistes de la troupe des Monty Python.,"8,8",79 k
https://www.imdb.com/title/tt0472954/?ref_=chttvtp_i_57,Philadelphia,2005– ,18,172,22min,Cinq amis aux égos surdimensionnés et aux attitudes légèrement arrogantes sont propriétaires d'un bar irlandais à Philadelphie.,"8,8",250 k
https://www.imdb.com/title/tt0081834/?ref_=chttvtp_i_60,Le bateau,1985,,3,4h 53min,Un équipage de sous-marins allemands de la Seconde Guerre mondiale a une mission de patrouille terrifiante dans les premiers jours de la guerre.,"8,8",33 k
https://www.imdb.com/title/tt4742876/?ref_=chttvtp_i_56,TVF Pitchers,2015–2022,2,10,40min,Une histoire d'épreuves et de tribulations de quatre jeunes entrepreneurs qui ont quitté leur emploi de jour afin de poursuivre leur entreprise de démarrage.,"9,1",72 k
https://www.imdb.com/title/tt13675832/?ref_=chttvtp_i_55,Gibi,2021– ,5,44,,Yilmaz et Ilkkan sont deux amis qui se battent constamment. Leur plus grande caractéristique est de toujours pouvoir faire quelque chose qui bouleversera leur vie ordinaire.,"9,0",21 k
https://www.imdb.com/title/tt0108778/?ref_=chttvtp_i_54,Friends,1994–2004,10,234,,Suit les vies personnelles et professionnelles de six amis d'une vingtaine et trentaine d'années vivant à Manhattan.,"8,9","1,1 M"
https://www.imdb.com/title/tt2571774/?ref_=chttvtp_i_52,Afrique sauvage,2013,,7,6h,"Africa, the world's wildest continent. David Attenborough takes us on an awe-inspiring journey through one of the most diverse places in the world. We visit deserts, savannas, and jungles an...","8,9",17 k
https://www.imdb.com/title/tt7137906/?ref_=chttvtp_i_49,Dans leur regard,2019,,4,4h 56min,Cinq adolescents de Harlem vivent un cauchemar lorsqu'ils sont faussement accusés d'une attaque brutale à Central Park. Basé sur une vraie histoire.,"8,8",137 k
https://www.imdb.com/title/tt1508238/?ref_=chttvtp_i_48,Apocalypse: La 2ème guerre mondiale,2009,,6,5h 12min,"This six-part series traces the Second World War, from the rise of the Nazis to the surrender of the Japanese, with detailed portraits of key figures.","9,0",14 k
https://www.imdb.com/title/tt7660850/?ref_=chttvtp_i_53,Succession,2018–2023,4,39,,Suit une famille dysfonctionnelle américaine.,"8,8",267 k
https://www.imdb.com/title/tt0213338/?ref_=chttvtp_i_45,Cowboy Bebop,1998–1999,,26,,Les mésaventures et tragédies futuristes d'un chasseur de primes tranquille et de ses partenaires.,"8,9",137 k
https://www.imdb.com/title/tt3530232/?ref_=chttvtp_i_50,Last Week Tonight with John Oliver,2014– ,11,345,30min,"L'ancien animateur et correspondant du Daily Show, John Oliver, apporte sa personnalité à cette nouvelle émission d'informations satirique.","8,9",95 k
https://www.imdb.com/title/tt2297757/?ref_=chttvtp_i_47,Nathan for You,2013–2017,4,32,30min,Nathan Fielder utilise son diplôme en commerce et son expérience de la vie pour aider de petites entreprises à faire faire du profit.,"8,9",38 k
https://www.imdb.com/title/tt2802850/?ref_=chttvtp_i_46,Fargo,2014–2024,5,51,53min,"Diverses chroniques de fraude, d'intrigues et de meurtres dans la région glaciale du Minnesota. Pourtant, toutes ces histoires renvoient mystérieusement à Fargo, dans le Dakota du Nord.","8,9",418 k
https://www.imdb.com/title/tt4934214/?ref_=chttvtp_i_51,Taskmaster,2015– ,17,161,47min,"Cinq comédiens se voient confier des tâches qui défient leur créativité et leur esprit. Les tâches sont supervisées par Alex Horne mais le Taskmaster, Greg Davies, a toujours le dernier mot.","9,0",19 k
https://www.imdb.com/title/tt1865718/?ref_=chttvtp_i_44,Souvenirs de Gravity Falls,2012–2016,2,41,23min,Les jumeaux Dipper et Mabel Pines passent l'été dans le piège à touristes de leur oncle dans l'énigmatique ville de Gravity Falls.,"8,9",133 k
https://www.imdb.com/title/tt0092337/?ref_=chttvtp_i_40,Le décalogue,1989–1990,,10,9h 32min,"Dix téléfilms, chacun basé sur l'un des dix commandements.","8,9",28 k
https://www.imdb.com/title/tt7920978/?ref_=chttvtp_i_43,Sahsiyet,2018– ,2,22,1h,Un homme atteint de la maladie d'Alzheimer décide de punir les criminels.,"9,0",47 k
https://www.imdb.com/title/tt0877057/?ref_=chttvtp_i_38,Death Note,2006–2007,,37,24min,Un lycéen intelligent se lance dans une croisade secrète afin d'éliminer les criminels du monde après avoir découvert un cahier capable de tuer n'importe quelle personne si son nom y est écr...,"8,9",374 k
https://www.imdb.com/title/tt9735318/?ref_=chttvtp_i_41,The Beatles: Get Back,2021,,3,,"Un documentaire sur les Beatles, qui met en vedette le processus créatif du mythique groupe, tourné en janvier 1969 pour le documentaire Let It Be, présenté en 1970.","9,0",28 k
https://www.imdb.com/title/tt0098904/?ref_=chttvtp_i_39,Seinfeld,1989–1998,9,173,22min,"Les mésaventures continues de Jerry Seinfeld, humoriste névrosé et de ses amis new-yorkais.","8,9",349 k
https://www.imdb.com/title/tt1877514/?ref_=chttvtp_i_22,The Vietnam War,2017,,10,16h 30min,Une histoire complète de l'implication des États-Unis dans le conflit armé qui divise amèrement l'Asie du Sud-Est.,"9,1",28 k
https://www.imdb.com/title/tt1475582/?ref_=chttvtp_i_21,Sherlock,2010–2017,4,15,1h 28min,Une version moderne du célèbre détective et de son partenaire médecin résolvant le crime dans la ville de Londres au XXIème siècle.,"9,1",991 k
https://www.imdb.com/title/tt0052520/?ref_=chttvtp_i_20,La quatrième dimension,1959–1964,5,156,51min,"Des gens ordinaires se retrouvent dans des situations extraordinaires et stupéfiantes, qu'ils tentent chacun de résoudre de manière remarquable.","9,1",93 k
https://www.imdb.com/title/tt8420184/?ref_=chttvtp_i_19,The Last Dance,2020,,10,8h 11min,"La montée en puissance de l'équipe des Chicago Bulls menée par Michael Jordan dans les années 1990, l'une des équipes les plus remarquables dans toute l'histoire du sport.","9,1",150 k
https://www.imdb.com/title/tt1355642/?ref_=chttvtp_i_17,Fullmetal Alchemist: Brotherhood,2009–2010,,68,24min,Deux frères en quête d'une Pierre du Philosophe (Philosopher's stone) suite à une tentative de faire revivre leur mère décédée a mal tourné et les laisse dans des formes physiques endommagée...,"9,1",195 k
https://www.imdb.com/title/tt1533395/?ref_=chttvtp_i_18,"Life, l'aventure de la vie",2009,,11,7h 53min,L'équipe de la BBC de David Attenborough explique et montre la vie sauvage de toute la planète.,"9,1",43 k
https://www.imdb.com/title/tt2861424/?ref_=chttvtp_i_16,Rick et Morty,2013– ,10,74,23min,Une série animée suivant les exploits d'un super scientifique et de son petit-fils pas très futé.,"9,1",596 k
https://www.imdb.com/title/tt0071075/?ref_=chttvtp_i_14,The World at War,1973–1974,,26,,"Une série documentaire en 26 épisodes inédits racontée par l'acteur Laurence Olivier sur le conflit le plus meurtrier de l'histoire, la 2ème Guerre Mondiale.","9,2",28 k
https://www.imdb.com/title/tt7678620/?ref_=chttvtp_i_15,Bluey,2018– ,3,173,7min,Les aventures d'une petite chienne bouvier australien alors qu'elle s'amuse avec sa famille et ses amis dans des situations de tous les jours.,"9,4",25 k
https://www.imdb.com/title/tt2356777/?ref_=chttvtp_i_42,True Detective,2014– ,5,31,55min,Série dans laquelle les enquêtes policières dénichent les secrets personnels et professionnels des personnes impliquées dans la loi ou non.,"8,9",650 k
https://www.imdb.com/title/tt9253866/?ref_=chttvtp_i_12,Notre planète,2019–2023,2,12,50min,"Série documentaire sur la diversité des habitats naturels à travers le monde, des contrées lointaines et arctiques aux océans profonds et mystérieux, en passant par les vastes paysages de l'...","9,3",50 k
https://www.imdb.com/title/tt0081846/?ref_=chttvtp_i_11,Cosmos,1980,,13,,Astronomer Carl Sagan leads us on an engaging guided tour of the various elements and cosmological theories of the universe.,"9,3",44 k
https://www.imdb.com/title/tt2395695/?ref_=chttvtp_i_10,Cosmos: Une odyssée à travers l'univers,2014,,13,9h 17min,Une exploration de notre découverte des lois de la nature et des coordonnées dans l'espace et le temps.,"9,3",128 k
https://www.imdb.com/title/tt6769208/?ref_=chttvtp_i_8,Blue Planet II,2017,,7,6h 4min,"David Attenborough retourne dans les océans du monde dans cette suite du documentaire acclamé qui montre des créatures rares et inhabituelles, ainsi que les problèmes auxquels nos océans son...","9,3",46 k
https://www.imdb.com/title/tt0417299/?ref_=chttvtp_i_7,"Avatar, le dernier maître de l'air",2005–2008,3,62,23min,"Dans un monde magique déchiré par la guerre, un jeune garçon se réveille et se lance dans une quête mystique et dangereuse pour accomplir son destin d'Avatar et apporter la paix dans le mond...","9,3",365 k
https://www.imdb.com/title/tt0141842/?ref_=chttvtp_i_9,Les Soprano,1999–2007,6,86,55min,"Tony Soprano, chef de la mafia du New Jersey, doit gérer les problèmes personnels et professionnels qui affectent sa santé mentale, l'amenant à consulter une psychologue.","9,2",465 k
https://www.imdb.com/title/tt0185906/?ref_=chttvtp_i_4,Frères d'armes,2001,,10,9h 54min,"L'histoire de la Easy Company de la 101e division aéroportée de l'armée américaine, et de sa mission en Europe pendant la Seconde Guerre mondiale, de l'opération Overlord au jour de la Victo...","9,4",521 k
https://www.imdb.com/title/tt7366338/?ref_=chttvtp_i_5,Chernobyl,2019,,5,,"En avril 1986, une explosion à la centrale nucléaire de Tchernobyl en URSS, devient l'une des pires catastrophes causées par l'homme au monde.","9,3",856 k
https://www.imdb.com/title/tt0795176/?ref_=chttvtp_i_3,Planète Terre,2006,,11,8h 58min,"Récompensée par un Emmy Award, onze épisodes, cinq ans de préparation, la série documentaire sur la nature la plus chère jamais commandée par la BBC et la première à être filmée en haute déf...","9,4",219 k
https://www.imdb.com/title/tt5491994/?ref_=chttvtp_i_2,Planet Earth II,2016,,6,,David Attenborough revient avec un nouveau documentaire sur la faune qui montre la vie dans une variété d'habitats.,"9,5",157 k
https://www.imdb.com/title/tt0944947/?ref_=chttvtp_i_13,Game of Thrones,2011–2019,8,74,55min,"Neuf nobles familles se battent pour le contrôle des terres mythiques de Westeros, tandis qu'un ancien ennemi revient après avoir été endormi pendant des milliers d'années.","9,2","2,3 M"
https://www.imdb.com/title/tt0306414/?ref_=chttvtp_i_6,Sur écoute,2002–2008,5,60,59min,Le monde de la drogue à Baltimore à travers les yeux des trafiquants comme des forces de l'ordre.,"9,3",374 k
https://www.imdb.com/title/tt4574334/?ref_=chttvtp_i_108,Stranger Things,2016–2025,5,42,51min,"Lorsqu'un jeune garçon disparaît, sa mère, le chef de police et ses amis doivent affronter des forces terrifiantes afin de le retrouver.","8,7","1,3 M"
