boxoffice,budget,casting,category,country,director,mark,marks_nb,original_title,public,screening,synopsis,title,url,year
28904232,25000000,"Tim Robbins, Morgan Freeman, Bob Gunton",Drama,United States,Frank Darabont,9.3,29000000,,R,142,"Over the course of several years, two convicts form a friendship, seeking consolation and, eventually, redemption through basic compassion.",The Shawshank Redemption,https://www.imdb.com/title/tt0111161/?ref_=chttp_t_1,1994
482351251,70000000,"Matt Damon, Tom Hanks, Tom Sizemore","Drama, War",United States,Steven Spielberg,8.6,15000000,,R,169,"Following the Normandy Landings, a group of U.S. soldiers go behind enemy lines to retrieve a paratrooper whose brothers have been killed in action.",Saving Private Ryan,https://www.imdb.com/title/tt0120815/?ref_=chttp_t_25,1998
731079637,165000000,"Anne Hathaway, Jessica Chastain, Matthew McConaughey","Adventure, Drama, Sci-Fi","United States, United Kingdom, Canada",Christopher Nolan,8.7,21000000,,PG-13,169,"When Earth becomes uninhabitable in the future, a farmer and ex-NASA pilot, Joseph Cooper, is tasked to pilot a spacecraft, along with a team of researchers, to find a new planet for humans.",Interstellar,https://www.imdb.com/title/tt0816692/?ref_=chttp_t_21,2014
272742922,19000000,"Jodie Foster, Anthony Hopkins, Scott Glenn","Crime, Drama, Thriller",United States,Jonathan Demme,8.6,15000000,,R,118,"A young F.B.I. cadet must receive the help of an incarcerated and manipulative cannibal killer to help catch another serial killer, a madman who skins his victims.",The Silence Of The Lambs,https://www.imdb.com/title/tt0102926/?ref_=chttp_t_24,1991
30680793,660000.0,"Leandro Firmino, Matheus Nachtergaele, Alexandre Rodrigues","Crime, Drama","Brazil, France, Germany",Fernando Meirelles,8.6,797000,Idade De Deus,R,130,"In the slums of Rio, two kids' paths diverge as one struggles to become a photographer and the other a kingpin.",City Of God,https://www.imdb.com/title/tt0317248/?ref_=chttp_t_26,2002
327333559,33000000,"Brad Pitt, Kevin Spacey, Morgan Freeman","Crime, Drama, Mystery",United States,David Fincher,8.6,18000000,,R,127,"Two detectives, a rookie and a veteran, hunt a serial killer who uses the seven deadly sins as his motives.",Se7En,https://www.imdb.com/title/tt0114369/?ref_=chttp_t_20,1995
346258,833333.3333333334,"Keiko Tsushima, Takashi Shimura, Toshirô Mifune","Action, Drama",Japan,Akira Kurosawa,8.6,365000,Hichinin No Samurai,Not Rated,207,"Farmers from a village exploited by bandits hire a veteran samurai for protection, who gathers six other samurai to join him.",Seven Samurai,https://www.imdb.com/title/tt0047478/?ref_=chttp_t_23,1954
9767242,3180000,"Donna Reed, James Stewart, Lionel Barrymore","Drama, Family, Fantasy",United States,Frank Capra,8.6,497000,,PG,130,An angel is sent from Heaven to help a desperately frustrated businessman by showing him what life would have been like if he had never existed.,It'S A Wonderful Life,https://www.imdb.com/title/tt0038650/?ref_=chttp_t_22,1946
109114987,3000000,"Louise Fletcher, Michael Berryman, Jack Nicholson",Drama,United States,Milos Forman,8.7,11000000,,R,133,"In the Fall of 1963, a Korean War veteran and criminal pleads insanity and is admitted to a mental institution, where he rallies up the scared patients against the tyrannical nurse.",One Flew Over The Cuckoo'S Nest,https://www.imdb.com/title/tt0073486/?ref_=chttp_t_19,1975
47049784,25000000,"Joe Pesci, Robert De Niro, Ray Liotta","Biography, Crime, Drama",United States,Martin Scorsese,8.7,13000000,,R,145,"The story of Henry Hill and his life in the mafia, covering his relationship with his wife Karen and his mob partners Jimmy Conway and Tommy DeVito.",Goodfellas,https://www.imdb.com/title/tt0099685/?ref_=chttp_t_18,1990
839030630,160000000,"Joseph Gordon-Levitt, Leonardo DiCaprio, Elliot Page","Action, Adventure, Sci-Fi","United States, United Kingdom",Christopher Nolan,8.8,25000000,,PG-13,148,"A thief who steals corporate secrets through the use of dream-sharing technology is given the inverse task of planting an idea into the mind of a C.E.O., but his tragic past may doom the project and his team to disaster.",Inception,https://www.imdb.com/title/tt1375666/?ref_=chttp_t_15,2010
538375067,18000000,"Carrie Fisher, Harrison Ford, Mark Hamill","Action, Adventure, Fantasy",United States,Irvin Kershner,8.7,14000000,,PG,124,"After the Rebels are overpowered by the Empire, Luke Skywalker begins his Jedi training with Yoda, while his friends are pursued across the galaxy by Darth Vader and bounty hunter Boba Fett.",Star Wars: Episode V - The Empire Strikes Back,https://www.imdb.com/title/tt0080684/?ref_=chttp_t_16,1980
101214931,63000000,"Brad Pitt, Edward Norton, Meat Loaf",Drama,"Germany, United States",David Fincher,8.8,23000000,,R,139,An insomniac office worker and a devil-may-care soap maker form an underground fight club that evolves into much more.,Fight Club,https://www.imdb.com/title/tt0137523/?ref_=chttp_t_14,1999
467623299,63000000,"Carrie-Anne Moss, Laurence Fishburne, Keanu Reeves","Action, Sci-Fi","United States, Australia",Lana Wachowski,8.7,2000000,,R,136,"When a beautiful stranger leads computer hacker Neo to a forbidding underworld, he discovers the shocking truth--the life he knows is the elaborate deception of an evil cyber-intelligence.",The Matrix,https://www.imdb.com/title/tt0133093/?ref_=chttp_t_17,1999
948945489,94000000,"Elijah Wood, Viggo Mortensen, Ian McKellen","Action, Adventure, Drama","New Zealand, United States",Peter Jackson,8.8,18000000,,PG-13,179,"While Frodo and Sam edge closer to Mordor with the help of the shifty Gollum, the divided fellowship makes a stand against Sauron's new ally, Saruman, and his hordes of Isengard.",The Lord Of The Rings: The Two Towers,https://www.imdb.com/title/tt0167261/?ref_=chttp_t_12,2002
498123123,190000000,"Zendaya, Timothée Chalamet, Rebecca Ferguson","Action, Adventure, Drama","United States, Canada, United Arab Emirates, Hungary, Italy, New Zealand, Jordan, Gambia",Denis Villeneuve,8.9,244000,,PG-13,166,Paul Atreides unites with Chani and the Fremen while seeking revenge against the conspirators who destroyed his family.,Dune: Part Two,https://www.imdb.com/title/tt15239678/?ref_=chttp_t_13,2024
216639112,25000000,"Octavia Spencer, Viola Davis, Emma Stone",Drama,"United States, India",Tate Taylor,8.1,491000,,PG-13,146,"An aspiring author during the civil rights movement of the 1960s decides to write a book detailing the African American maids' point of view on the white families for which they work, and the hardships they go through on a daily basis.",The Help,https://www.imdb.com/title/tt1454029/?ref_=chttp_t_246,2011
126,3200000,"Paul Newman, George Kennedy, Strother Martin","Crime, Drama",United States,Stuart Rosenberg,8.1,188000,,GP,127,"A laid-back Southern man is sentenced to two years in a rural prison, but refuses to conform.",Cool Hand Luke,https://www.imdb.com/title/tt0061512/?ref_=chttp_t_244,1967
23336145,70000000,"Harry Connick Jr., Eli Marienthal, Jennifer Aniston","Animation, Action, Adventure","United States, Czech Republic, United Kingdom",Brad Bird,8.1,226000,,PG,86,A young boy befriends a giant robot from outer space that a paranoid government agent wants to destroy.,The Iron Giant,https://www.imdb.com/title/tt0129167/?ref_=chttp_t_245,1999
424208848,22000000,"Mary McDonnell, Kevin Costner, Graham Greene","Adventure, Drama, Western","United States, United Kingdom",Kevin Costner,8.0,289000,,PG-13,181,"Lieutenant John Dunbar, assigned to a remote western Civil War outpost, finds himself engaging with a neighbouring Sioux settlement, causing him to question his own purpose.",Dances With Wolves,https://www.imdb.com/title/tt0099348/?ref_=chttp_t_249,1990
112282,1288000,"George Sanders, Joan Fontaine, Laurence Olivier","Drama, Mystery, Romance",United States,Alfred Hitchcock,8.1,146000,,Approved,130,A self-conscious woman juggles adjusting to her new role as an aristocrat's wife and avoiding being intimidated by his first wife's spectral presence.,Rebecca,https://www.imdb.com/title/tt0032976/?ref_=chttp_t_243,1940
14729,325000,"Walter Connolly, Clark Gable, Claudette Colbert","Comedy, Romance",United States,Frank Capra,8.1,112000,,Passed,105,"A renegade reporter trailing a young runaway heiress for a big story joins her on a bus heading from Florida to New York, and they end up stuck with each other when the bus leaves them behind at one of the stops.",It Happened One Night,https://www.imdb.com/title/tt0025316/?ref_=chttp_t_247,1934
20908467,2000000,"Gael García Bernal, Emilio Echevarría, Goya Toledo","Drama, Thriller",Mexico,Alejandro G. Iñárritu,8.1,252000,Mores Perros,R,154,"An amateur dog fighter, a supermodel, and a derelict assassin, all separately struggling to find love, find their lives transformed by a devastating car wreck in Mexico City.",Amores Perros,https://www.imdb.com/title/tt0245712/?ref_=chttp_t_242,2000
962002,800000,"Yacef Saadi, Jean Martin, Brahim Hadjadj","Drama, War","Italy, Algeria",Gillo Pontecorvo,8.1,65000,A Battaglia Di Algeri,Not Rated,121,"In the 1950s, fear and violence escalate as the people of Algiers fight for independence from the French government.",The Battle Of Algiers,https://www.imdb.com/title/tt0058946/?ref_=chttp_t_240,1966
4578000,,"Carole Lombard, Robert Stack, Jack Benny","Comedy, Romance, War",United States,Ernst Lubitsch,8.1,43000,,Passed,99,"During the German occupation of Poland, an acting troupe becomes embroiled in a Polish soldier's efforts to track down a German spy.",To Be Or Not To Be,https://www.imdb.com/title/tt0035446/?ref_=chttp_t_238,1942
159468844,8200000,"Julie Andrews, Christopher Plummer, Eleanor Parker","Biography, Drama, Family",United States,Robert Wise,8.1,259000,,G,172,A young novice is sent by her convent in 1930s Austria to become a governess to the seven children of a widowed naval officer.,The Sound Of Music,https://www.imdb.com/title/tt0059742/?ref_=chttp_t_237,1965
71108750,14600000,"Bill Murray, Chris Elliott, Andie MacDowell","Comedy, Drama, Fantasy",United States,Harold Ramis,8.0,682000,,PG,101,"A narcissistic, self-centered weatherman finds himself in a time loop on Groundhog Day.",Groundhog Day,https://www.imdb.com/title/tt0107048/?ref_=chttp_t_241,1993
37863670,7500000.0,"Cho Jin-woong, Ha Jung-woo, Kim Min-hee","Drama, Romance, Thriller",South Korea,Park Chan-wook,8.1,171000,H-Ga-Ssi,Not Rated,145,"A woman is hired as a handmaiden to a Japanese heiress, but secretly she is involved in a plot to defraud her.",The Handmaiden,https://www.imdb.com/title/tt4016934/?ref_=chttp_t_236,2016
504050219,28000000,"Linda Larkin, Robin Williams, Scott Weinger","Animation, Adventure, Comedy","United States, Japan",Ron Clements,8.0,463000,,G,90,A kind-hearted street urchin and a power-hungry Grand Vizier vie for a magic lamp that has the power to make their deepest wishes come true.,Aladdin,https://www.imdb.com/title/tt0103639/?ref_=chttp_t_250,1992
46749646,16000000,"Joan Allen, Cary-Hiroyuki Tagawa, Richard Gere","Biography, Drama, Family","United Kingdom, United States",Lasse Hallström,8.1,310000,,G,93,"Professor Wilson discovers a lost Akita puppy on his way home. Despite objections from his wife, Hachi endears himself to the family and grows to be Parker's loyal companion. As their bond grows deeper, a beautiful relationship unfolds.",Hachi: A Dog'S Tale,https://www.imdb.com/title/tt1028532/?ref_=chttp_t_233,2009
56676733,15000000,"Catherine Keener, Emile Hirsch, Vince Vaughn","Adventure, Biography, Drama",United States,Sean Penn,8.1,656000,,R,148,"After graduating from Emory University, top student and athlete Christopher McCandless abandons his possessions, gives his entire $24,000 savings account to charity and hitchhikes to Alaska to live in the wilderness. Along the way, Christopher encounters a series of characters that shape his life.",Into The Wild,https://www.imdb.com/title/tt0758758/?ref_=chttp_t_235,2007
631686750,92000000,"Samuel L. Jackson, Holly Hunter, Craig T. Nelson","Animation, Action, Adventure","United States, Japan",Brad Bird,8.0,804000,,PG,115,"While trying to lead a quiet suburban life, a family of undercover superheroes are forced into action to save the world.",The Incredibles,https://www.imdb.com/title/tt0317705/?ref_=chttp_t_232,2004
25637669,2777000,"Ray Bolger, Judy Garland, Frank Morgan","Adventure, Family, Fantasy",United States,Victor Fleming,8.1,427000,,G,102,"Young Dorothy Gale and her dog Toto are swept away by a tornado from their Kansas farm to the magical Land of Oz, and embark on a quest with three new friends to see the Wizard, who can return her to her home and fulfill the others' wishes.",The Wizard Of Oz,https://www.imdb.com/title/tt0032138/?ref_=chttp_t_231,1939
52290509,8000000,"Corey Feldman, Wil Wheaton, River Phoenix","Adventure, Comedy, Drama",United States,Rob Reiner,8.1,439000,,R,89,A writer recounts a childhood journey with his friends to find the body of a missing boy.,Stand By Me,https://www.imdb.com/title/tt0092005/?ref_=chttp_t_230,1986
18612999,,"Hümeyra, Çetin Tekindor, Fikret Kuskan","Drama, Family",Turkey,Çagan Irmak,8.2,92000,Abam Ve Oglum,Not Rated,112,The family of a left-wing journalist is torn apart after the military coup of Turkey in 1980.,My Father And My Son,https://www.imdb.com/title/tt0476735/?ref_=chttp_t_234,2005
23692346,3800000,"Faye Dunaway, Peter Finch, William Holden",Drama,United States,Sidney Lumet,8.1,170000,,R,121,"A television network cynically exploits a deranged former anchor's ravings and revelations about the news media for its own profit, but finds that his message may be difficult to control.",Network,https://www.imdb.com/title/tt0074958/?ref_=chttp_t_229,1976
654264546,140000000,"Orlando Bloom, Geoffrey Rush, Johnny Depp","Action, Adventure, Fantasy",United States,Gore Verbinski,8.1,12000000,,PG-13,143,"Blacksmith Will Turner teams up with eccentric pirate ""Captain"" Jack Sparrow to save his love, the governor's daughter, from Jack's former pirate allies, who are now undead.",Pirates Of The Caribbean: The Curse Of The Black Pearl,https://www.imdb.com/title/tt0325980/?ref_=chttp_t_227,2003
96992516,38000000,"Chris Hemsworth, Olivia Wilde, Daniel Brühl","Action, Biography, Drama","United Kingdom, United States",Ron Howard,8.1,511000,,R,123,The merciless 1970s rivalry between Formula One rivals James Hunt and Niki Lauda.,Rush,https://www.imdb.com/title/tt1979320/?ref_=chttp_t_228,2013
441306145,11000000,"Ellen Burstyn, Linda Blair, Max von Sydow",Horror,United States,William Friedkin,8.1,453000,,R,122,"When a young girl is possessed by a mysterious entity, her mother seeks the help of two Catholic priests to save her life.",The Exorcist,https://www.imdb.com/title/tt0070047/?ref_=chttp_t_226,1973
412914,2823100.0,"Saïd Taghmaoui, Hubert Koundé, Vincent Cassel","Crime, Drama",France,Mathieu Kassovitz,8.1,195000,,Not Rated,98,24 hours in the lives of three young men in the French suburbs the day after a violent riot.,La Haine,https://www.imdb.com/title/tt0113247/?ref_=chttp_t_223,1995
23661347,2100000,"Dana Andrews, Myrna Loy, Fredric March","Drama, Romance, War",United States,William Wyler,8.1,70000,,Approved,170,"Three World War II veterans, two of them traumatized or disabled, return home to the American midwest to discover that they and their families have been irreparably changed.",The Best Years Of Our Lives,https://www.imdb.com/title/tt0036868/?ref_=chttp_t_224,1946
22731,,"Eugene Silvain, André Berley, Maria Falconetti","Biography, Drama, History",France,Carl Theodor Dreyer,8.1,60000,A Passion De Jeanne D'Arc,Passed,114,"In 1431, Jeanne d'Arc is placed on trial on charges of heresy. The ecclesiastical jurists attempt to force Jeanne to recant her claims of holy visions.",The Passion Of Joan Of Arc,https://www.imdb.com/title/tt0019254/?ref_=chttp_t_221,1928
15854557,2700000,"Julie Delpy, Ethan Hawke, Vernon Dobtcheff","Drama, Romance","France, United States",Richard Linklater,8.1,286000,,R,80,"Nine years after Jesse and Celine first met, they encounter each other again on the French leg of Jesse's book tour.",Before Sunset,https://www.imdb.com/title/tt0381681/?ref_=chttp_t_222,2004
78371200,6400000,"Linda Hamilton, Michael Biehn, Arnold Schwarzenegger","Action, Adventure, Sci-Fi","United Kingdom, United States",James Cameron,8.1,920000,,R,107,"A human soldier is sent from 2029 to 1984 to stop an almost indestructible cyborg killing machine, sent from the same year, which has been programmed to execute a young woman whose unborn son is the key to humanity's future salvation.",The Terminator,https://www.imdb.com/title/tt0088247/?ref_=chttp_t_220,1984
33882243,17500000,"Sophie Okonedo, Joaquin Phoenix, Don Cheadle","Biography, Drama, History","United Kingdom, South Africa, Italy, United States",Terry George,8.1,371000,,PG-13,121,"Paul Rusesabagina, a hotel manager, houses over a thousand Tutsi refugees during their struggle against the Hutu militia in Rwanda, Africa.",Hotel Rwanda,https://www.imdb.com/title/tt0395169/?ref_=chttp_t_218,2004
98690254,20000000,"Michael Keaton, Mark Ruffalo, Rachel McAdams","Biography, Crime, Drama",United States,Tom McCarthy,8.1,500000,,R,129,"The true story of how the Boston Globe uncovered the massive scandal of child molestation and cover-up within the local Catholic Archdiocese, shaking the entire Catholic Church to its core.",Spotlight,https://www.imdb.com/title/tt1895587/?ref_=chttp_t_217,2015
619180476,97000000,"Hugh Jackman, Dafne Keen, Patrick Stewart","Action, Drama, Sci-Fi",United States,James Mangold,8.1,826000,,R,137,"In a future where mutants are nearly extinct, an elderly and weary Logan leads a quiet life. But when Laura, a mutant child pursued by scientists, comes to him for help, he must get her to safety.",Logan,https://www.imdb.com/title/tt3315342/?ref_=chttp_t_216,2017
48066229,15000000,"John Goodman, Jeff Bridges, Julianne Moore","Comedy, Crime","United States, United Kingdom",Joel Coen,8.1,857000,,R,117,"Jeff ""The Dude"" Lebowski, mistaken for a millionaire of the same name, seeks restitution for his ruined rug and enlists his bowling buddies to help get it.",The Big Lebowski,https://www.imdb.com/title/tt0118715/?ref_=chttp_t_214,1998
35402766,13000000,"Jacob Tremblay, Sean Bridgers, Brie Larson","Drama, Thriller","Ireland, Canada, United Kingdom, United States",Lenny Abrahamson,8.1,448000,,R,118,"A little boy is held captive in a room with his mother since his birth, so he has never known the world outside.",Room,https://www.imdb.com/title/tt3170832/?ref_=chttp_t_213,2015
225508210,97600000,"Matt Damon, Christian Bale, Jon Bernthal","Action, Biography, Drama",United States,James Mangold,8.1,463000,,PG-13,152,American car designer Carroll Shelby and driver Ken Miles battle corporate interference and the laws of physics to build a revolutionary race car for Ford in order to defeat Ferrari at the 24 Hours of Le Mans in 1966.,Ford V Ferrari,https://www.imdb.com/title/tt1950186/?ref_=chttp_t_209,2019
1740625,5356000.0,"Philip Seymour Hoffman, Eric Bana, Toni Collette","Animation, Comedy, Drama",Australia,Adam Elliot,8.1,186000,Ary And Max.,Not Rated,92,"In 1976 Melbourne, a lonely 8-year-old girl strikes up a correspondence with an unlikely pen pal: a severely obese 44-year-old New Yorker with Asperger's syndrome.",Mary And Max,https://www.imdb.com/title/tt0978762/?ref_=chttp_t_207,2009
494879860,165000000,"Christopher Mintz-Plasse, Jay Baruchel, Gerard Butler","Animation, Action, Adventure","United States, France, United Kingdom",Dean DeBlois,8.1,796000,,PG,98,"A hapless young Viking who aspires to hunt dragons becomes the unlikely friend of a young dragon himself, and learns there may be more to the creatures than he assumed.",How To Train Your Dragon,https://www.imdb.com/title/tt0892769/?ref_=chttp_t_206,2010
477220580,7000000,"Roy Scheider, Robert Shaw, Richard Dreyfuss","Adventure, Mystery, Thriller",United States,Steven Spielberg,8.1,656000,,PG,124,"When a killer shark unleashes chaos on a beach community off Cape Cod, it's up to a local sheriff, a marine biologist, and an old seafarer to hunt the beast down.",Jaws,https://www.imdb.com/title/tt0073195/?ref_=chttp_t_205,1975
311212,150000,"Gunnar Björnstrand, Bengt Ekerot, Max von Sydow","Drama, Fantasy",Sweden,Ingmar Bergman,8.1,198000,Et Sjunde Inseglet,Not Rated,96,"A knight returning to Sweden after the Crusades seeks answers about life, death, and the existence of God as he plays chess against the Grim Reaper during the Black Plague.",The Seventh Seal,https://www.imdb.com/title/tt0050976/?ref_=chttp_t_212,1957
88647,,"Chieko Higashiyama, Sô Yamamura, Chishû Ryû",Drama,Japan,Yasujirô Ozu,8.1,68000,Ôkyô Monogatari,Not Rated,136,"An old couple visit their children and grandchildren in the city, but receive little attention.",Tokyo Story,https://www.imdb.com/title/tt0046438/?ref_=chttp_t_211,1953
60418,,"Ingrid Thulin, Victor Sjöström, Bibi Andersson","Drama, Romance",Sweden,Ingmar Bergman,8.1,114000,Multronstället,Not Rated,91,"After living a life marked by coldness, an aging professor is forced to confront the emptiness of his existence.",Wild Strawberries,https://www.imdb.com/title/tt0050986/?ref_=chttp_t_203,1957
1233079,,"Alida Valli, Joseph Cotten, Orson Welles","Film-Noir, Mystery, Thriller",United Kingdom,Carol Reed,8.1,181000,,Approved,93,"Pulp novelist Holly Martins travels to shadowy, postwar Vienna, only to find himself investigating the mysterious death of an old friend, Harry Lime.",The Third Man,https://www.imdb.com/title/tt0041959/?ref_=chttp_t_202,1949
1098,,"Yves Montand, Charles Vanel, Peter van Eyck","Adventure, Drama, Thriller","France, Italy",Henri-Georges Clouzot,8.2,66000,E Salaire De La Peur,Not Rated,131,"In a decrepit South American village, four men are hired to transport an urgent nitroglycerine shipment without the equipment that would make it safe.",The Wages Of Fear,https://www.imdb.com/title/tt0046268/?ref_=chttp_t_204,1953
623728318,150000000,"Brad Garrett, Patton Oswalt, Lou Romano","Animation, Adventure, Comedy",United States,Brad Bird,8.1,818000,,G,111,A rat who can cook makes an unusual alliance with a young kitchen worker at a famous Paris restaurant.,Ratatouille,https://www.imdb.com/title/tt0382932/?ref_=chttp_t_210,2007
579723768,115000000,"John Goodman, Billy Crystal, Mary Gibbs","Animation, Adventure, Comedy",United States,Pete Docter,8.1,974000,,G,92,"In order to power the city, monsters have to scare children so that they scream. However, the children are toxic to the monsters, and after a child gets through, two monsters realize things may not be what they think.","Monsters, Inc.",https://www.imdb.com/title/tt0198781/?ref_=chttp_t_200,2001
145941,1900000,"Jean Arthur, James Stewart, Claude Rains","Comedy, Drama",United States,Frank Capra,8.1,121000,,Passed,129,"A naive youth leader is appointed to fill a vacancy in the U.S. Senate. His idealistic plans promptly collide with corruption at home and subterfuge from his hero in Washington, but he tries to forge ahead despite attacks on his character.",Mr. Smith Goes To Washington,https://www.imdb.com/title/tt0031679/?ref_=chttp_t_208,1939
31478893,3300000,"Mónica Villa, Darío Grandinetti, María Marull","Comedy, Drama, Thriller","Argentina, Spain, France, United Kingdom",Damián Szifron,8.1,215000,Elatos Salvajes,R,122,Six short stories that explore the extremities of human behavior involving people in distress.,Wild Tales,https://www.imdb.com/title/tt3011894/?ref_=chttp_t_198,2014
49080126,15000000,"Robert De Niro, John Cazale, Christopher Walken","Drama, War","United States, United Kingdom",Michael Cimino,8.1,361000,,R,183,An in-depth examination of the ways in which the Vietnam War impacts and disrupts the lives of several friends in a small steel mill town in Pennsylvania.,The Deer Hunter,https://www.imdb.com/title/tt0077416/?ref_=chttp_t_197,1978
235860116,16400000,"Ethan Hawke, Robert Sean Leonard, Robin Williams","Comedy, Drama",United States,Peter Weir,8.1,542000,,PG,128,"Maverick teacher John Keating returns in 1959 to the prestigious New England boys' boarding school where he was once a star student, using poetry to embolden his pupils to new heights of self-expression.",Dead Poets Society,https://www.imdb.com/title/tt0097165/?ref_=chttp_t_194,1989
612,750000,"Marion Mack, Buster Keaton, Glen Cavender","Action, Adventure, Comedy",United States,Clyde Bruckman,8.1,98000,,Passed,78,"After being rejected by the Confederate military, not realizing it was due to his crucial civilian role, an engineer must single-handedly recapture his beloved locomotive after it is seized by Union spies and return it through enemy lines.",The General,https://www.imdb.com/title/tt0017925/?ref_=chttp_t_196,1926
65796862,13000000,"Daniel Day-Lewis, Pete Postlethwaite, Alison Crosbie","Biography, Crime, Drama","Ireland, United States",Jim Sheridan,8.1,186000,,R,133,"An Irish man's coerced confession to an I.R.A. bombing he did not commit results in the imprisonment of his father as well. Meanwhile, a British lawyer fights to clear their names and free them.",In The Name Of The Father,https://www.imdb.com/title/tt0107207/?ref_=chttp_t_192,1993
1208481,2800000,"Kim Roe-ha, Song Kang-ho, Kim Sang-kyung","Crime, Drama, Mystery",South Korea,Bong Joon Ho,8.1,214000,Alinui Chueok,Not Rated,132,"In a small Korean province in 1986, two detectives struggle with the case of multiple young women being found raped and murdered by an unknown culprit.",Memories Of Murder,https://www.imdb.com/title/tt0353969/?ref_=chttp_t_193,2003
31490,923000,"Mack Swain, Tom Murray, Charles Chaplin","Adventure, Comedy, Drama",United States,Charles Chaplin,8.1,118000,,Passed,95,"A prospector goes to the Klondike during the 1890s gold rush in hopes of making his fortune, and is smitten with a girl he sees in a dance hall.",The Gold Rush,https://www.imdb.com/title/tt0015864/?ref_=chttp_t_191,1925
2450,910000,"Marlon Brando, Karl Malden, Lee J. Cobb","Crime, Drama, Thriller",United States,Elia Kazan,8.1,164000,,Approved,108,"An ex-prize fighter turned New Jersey longshoreman struggles to stand up to his corrupt union bosses, including his older brother, as he starts to connect with the grieving sister of one of the syndicate's victims.",On The Waterfront,https://www.imdb.com/title/tt0047296/?ref_=chttp_t_195,1954
180563636,40000000,"Andrew Garfield, Luke Bracey, Sam Worthington","Biography, Drama, History",United States,Mel Gibson,8.1,589000,,R,139,"World War II American Army Medic Desmond T. Doss, serving during the Battle of Okinawa, refuses to kill people and becomes the first man in American history to receive the Medal of Honor without firing a shot.",Hacksaw Ridge,https://www.imdb.com/title/tt2119532/?ref_=chttp_t_190,2016
369330536,61000000,"Neil Patrick Harris, Rosamund Pike, Ben Affleck","Drama, Mystery, Thriller",United States,David Fincher,8.1,11000000,,R,149,"With his wife's disappearance having become the focus of an intense media circus, a man sees the spotlight turned on him when it's suspected that he may not be innocent.",Gone Girl,https://www.imdb.com/title/tt2267998/?ref_=chttp_t_189,2014
252309,11000000,"Ryan ONeal, Marisa Berenson, Patrick Magee","Adventure, Drama, War","United Kingdom, United States",Stanley Kubrick,8.1,182000,,PG,185,An Irish rogue wins the heart of a rich widow and assumes her dead husband's aristocratic position in 18th-century England.,Barry Lyndon,https://www.imdb.com/title/tt0072684/?ref_=chttp_t_188,1975
74437981,15000000,"Jack Hawkins, Stephen Boyd, Charlton Heston","Adventure, Drama",United States,William Wyler,8.1,252000,,G,212,"After a Jewish prince is betrayed and sent into slavery by a Roman friend in 1st-century Jerusalem, he regains his freedom and comes back for revenge.",Ben-Hur,https://www.imdb.com/title/tt0052618/?ref_=chttp_t_187,1959
41753146,28000000,"Rutger Hauer, Sean Young, Harrison Ford","Action, Drama, Sci-Fi","United States, United Kingdom",Ridley Scott,8.1,819000,,R,117,A blade runner must pursue and terminate four replicants who stole a ship in space and have returned to Earth to find their creator.,Blade Runner,https://www.imdb.com/title/tt0083658/?ref_=chttp_t_184,1982
187734091,20000000,"Michael Kenneth Williams, Michael Fassbender, Chiwetel Ejiofor","Biography, Drama, History","United Kingdom, United States",Steve McQueen,8.1,739000,,R,134,"In the antebellum United States, Solomon Northup, a free Black man from upstate New York, is abducted and sold into slavery.",12 Years A Slave,https://www.imdb.com/title/tt2024544/?ref_=chttp_t_183,2013
174567384,25000000,"Mathieu Amalric, Ralph Fiennes, F. Murray Abraham","Adventure, Comedy, Crime","United States, Germany",Wes Anderson,8.1,882000,,R,99,"A writer encounters the owner of an aging high-class hotel, who tells him of his early years serving as a lobby boy in the hotel's glorious years under an exceptional concierge.",The Grand Budapest Hotel,https://www.imdb.com/title/tt2278388/?ref_=chttp_t_186,2014
5992494,2500000,"Julie Delpy, Ethan Hawke, Andrea Eckert","Drama, Romance","United States, Austria",Richard Linklater,8.1,337000,,R,101,"A young man and woman meet on a train in Europe, and wind up spending one evening together in Vienna. Unfortunately, both know that this will probably be their only night together.",Before Sunrise,https://www.imdb.com/title/tt0112471/?ref_=chttp_t_185,1995
1356961410,125000000,"Daniel Radcliffe, Emma Watson, Rupert Grint","Adventure, Family, Fantasy","United Kingdom, United States",David Yates,8.1,943000,Arry Potter And The Deathly Hallows - Part 2,PG-13,130,"Harry, Ron, and Hermione search for Voldemort's remaining Horcruxes in their effort to destroy the Dark Lord as the final battle rages on at Hogwarts.",Harry Potter And The Deathly Hallows: Part 2,https://www.imdb.com/title/tt1201607/?ref_=chttp_t_181,2011
216763646,30000000,"Hilary Swank, Clint Eastwood, Morgan Freeman","Drama, Sport",United States,Clint Eastwood,8.1,719000,,PG-13,132,"Frankie, an ill-tempered old coach, reluctantly agrees to train aspiring boxer Maggie. Impressed with her determination and talent, he helps her become the best and the two soon form a close bond.",Million Dollar Baby,https://www.imdb.com/title/tt0405159/?ref_=chttp_t_180,2004
269958228,33000000,"Christopher Carley, Clint Eastwood, Bee Vang",Drama,"Germany, United States",Clint Eastwood,8.1,812000,,R,116,"After a Hmong teenager tries to steal his prized 1972 Gran Torino, a disgruntled, prejudiced Korean War veteran seeks to redeem both the boy and himself.",Gran Torino,https://www.imdb.com/title/tt1205489/?ref_=chttp_t_178,2008
23308615,25000000,"Joel Edgerton, Tom Hardy, Nick Nolte","Action, Drama, Sport",United States,Gavin O'Connor,8.1,496000,,PG-13,140,"The youngest son of an alcoholic former boxer returns home, where he's trained by his father for competition in a mixed martial arts tournament - a path that puts the fighter on a collision course with his estranged, older brother.",Warrior,https://www.imdb.com/title/tt1291584/?ref_=chttp_t_175,2011
106722608,15000000,"Ryunosuke Kamiki, Sakura Andô, Minami Hamabe","Action, Adventure, Drama",Japan,Takashi Yamazaki,8.3,46000,Ojira -1.0,PG-13,124,"Post war Japan is at its lowest point when a new crisis emerges in the form of a giant monster, baptized in the horrific power of the atomic bomb.",Godzilla Minus One,https://www.imdb.com/title/tt23289160/?ref_=chttp_t_177,2023
30695952,3700000,"Noriko Hidaka, Hitoshi Takagi, Chika Sakamoto","Animation, Comedy, Family",Japan,Hayao Miyazaki,8.1,377000,Onari No Totoro,G,86,"When two girls move to the country to be near their ailing mother, they have adventures with the wondrous forest spirits who live nearby.",My Neighbor Totoro,https://www.imdb.com/title/tt0096283/?ref_=chttp_t_179,1988
933933,180000,"Bahare Seddiqi, Amir Farrokh Hashemian, Mohammad Amir Naji","Drama, Family, Sport",Iran,Majid Majidi,8.2,80000,Acheha-Ye Aseman,PG,89,"After a boy loses his sister's pair of shoes, he goes on a series of adventures in order to find them. When he can't, he tries a new way to ""win"" a new pair.",Children Of Heaven,https://www.imdb.com/title/tt0118849/?ref_=chttp_t_182,1997
1921847111,200000000,"Benedict Cumberbatch, Tom Holland, Zendaya","Action, Adventure, Fantasy",United States,Jon Watts,8.2,871000,,PG-13,148,"With Spider-Man's identity now revealed, Peter asks Doctor Strange for help. When a spell goes wrong, dangerous foes from other worlds start to appear, forcing Peter to discover what it truly means to be Spider-Man.",Spider-Man: No Way Home,https://www.imdb.com/title/tt10872600/?ref_=chttp_t_172,2021
27200463,3000000,"Jack Hawkins, Alec Guinness, William Holden","Adventure, Drama, War",United Kingdom,David Lean,8.1,233000,,PG,161,"British POWs are forced to build a railway bridge across the river Kwai for their Japanese captors in occupied Burma, not knowing that the allied forces are planning a daring commando raid through the jungle to destroy it.",The Bridge On The River Kwai,https://www.imdb.com/title/tt0050212/?ref_=chttp_t_171,1957
60611975,7000000,"Steve Buscemi, Frances McDormand, William H. Macy","Crime, Thriller","United States, United Kingdom",Joel Coen,8.1,723000,,R,98,Minnesota car salesman Jerry Lundegaard's inept crime falls apart due to his and his henchmen's bungling and the persistent police work of the quite pregnant Marge Gunderson.,Fargo,https://www.imdb.com/title/tt0116282/?ref_=chttp_t_173,1996
16787952,1905000.0,"Ewan McGregor, Ewen Bremner, Jonny Lee Miller",Drama,"United Kingdom, United States",Danny Boyle,8.1,723000,,R,93,"Renton, deeply immersed in the Edinburgh drug scene, tries to clean up and get out despite the allure of drugs and the influence of friends.",Trainspotting,https://www.imdb.com/title/tt0117951/?ref_=chttp_t_170,1996
162729321,15000000,"Woody Harrelson, Frances McDormand, Sam Rockwell","Comedy, Crime, Drama","United Kingdom, United States",Martin McDonagh,8.1,552000,,R,115,A mother personally challenges the local authorities to solve her daughter's murder when they fail to catch the culprit.,"Three Billboards Outside Ebbing, Missouri",https://www.imdb.com/title/tt5027774/?ref_=chttp_t_169,2017
352114312,52000000,"Leonardo DiCaprio, Tom Hanks, Christopher Walken","Biography, Crime, Drama","United States, Canada",Steven Spielberg,8.1,11000000,,PG-13,141,"Barely 17 yet, Frank is a skilled forger who has passed as a doctor, lawyer and pilot. FBI agent Carl becomes obsessed with tracking down the con man, who only revels in the pursuit.",Catch Me If You Can,https://www.imdb.com/title/tt0264464/?ref_=chttp_t_176,2002
858852998,175000000,"Lewis Black, Bill Hader, Amy Poehler","Animation, Adventure, Comedy",United States,Pete Docter,8.1,780000,,PG,95,"After young Riley is uprooted from her Midwest life and moved to San Francisco, her emotions - Joy, Fear, Anger, Disgust and Sadness - conflict on how best to navigate a new city, house, and school.",Inside Out,https://www.imdb.com/title/tt2096673/?ref_=chttp_t_168,2015
23406933,18000000,"Cathy Moriarty, Robert De Niro, Joe Pesci","Biography, Drama, Sport",United States,Martin Scorsese,8.1,378000,,R,129,"The life of boxer Jake LaMotta, whose violence and temper that led him to the top in the ring destroyed his life outside of it.",Raging Bull,https://www.imdb.com/title/tt0081398/?ref_=chttp_t_167,1980
134686457,54000000,"Natalie Portman, Rupert Graves, Hugo Weaving","Action, Drama, Sci-Fi","United States, United Kingdom, Germany",James McTeigue,8.2,12000000,,R,132,"In a future British dystopian society, a shadowy freedom fighter, known only by the alias of ""V"", plots to overthrow the tyrannical government - with the help of a young woman.",V For Vendetta,https://www.imdb.com/title/tt0434409/?ref_=chttp_t_164,2005
3753929,1219200.0,"Jason Flemyng, Dexter Fletcher, Nick Moran","Action, Comedy, Crime","United Kingdom, United States",Guy Ritchie,8.1,614000,,R,107,"Eddy persuades his three pals to pool money for a vital poker game against a powerful local mobster, Hatchet Harry. Eddy loses, after which Harry gives him a week to pay back 500,000 pounds.","Lock, Stock And Two Smoking Barrels",https://www.imdb.com/title/tt0120735/?ref_=chttp_t_165,1998
35079650,2000000,"Ricardo Darín, Pablo Rago, Soledad Villamil","Drama, Mystery, Romance","Argentina, Spain",Juan José Campanella,8.2,221000,L Secreto De Sus Ojos,R,129,A retired legal counselor writes a novel hoping to find closure for one of his past unresolved homicide cases and for his unreciprocated love with his superior - both of which still haunt him decades later.,The Secret In Their Eyes,https://www.imdb.com/title/tt1305806/?ref_=chttp_t_166,2009
402382193,3977000,"Vivien Leigh, Clark Gable, Thomas Mitchell","Drama, Romance, War",United States,Victor Fleming,8.2,333000,,Passed,238,A sheltered and manipulative Southern belle and a roguish profiteer face off in a turbulent romance as the society around them crumbles with the end of slavery and is rebuilt during the Civil War and Reconstruction periods.,Gone With The Wind,https://www.imdb.com/title/tt0031381/?ref_=chttp_t_163,1939
43308,1400000,"Robert Cummings, Grace Kelly, Ray Milland","Crime, Thriller",United States,Alfred Hitchcock,8.2,188000,,PG,105,A former tennis star arranges the murder of his adulterous wife.,Dial M For Murder,https://www.imdb.com/title/tt0046912/?ref_=chttp_t_162,1954
29227645,6000000,"Faye Dunaway, Jack Nicholson, John Huston","Drama, Mystery, Thriller",United States,Roman Polanski,8.1,348000,,R,130,"A private detective hired to expose an adulterer in 1930s Los Angeles finds himself caught up in a web of deceit, corruption, and murder.",Chinatown,https://www.imdb.com/title/tt0071315/?ref_=chttp_t_161,1974
26028672,5000000,"Anthony Hopkins, John Hurt, Anne Bancroft","Biography, Drama","United States, United Kingdom",David Lynch,8.2,257000,,PG,124,"A Victorian surgeon rescues a heavily disfigured man who is mistreated while scraping a living as a side-show freak. Behind his monstrous façade, there is revealed a person of kindness, intelligence and sophistication.",The Elephant Man,https://www.imdb.com/title/tt0080678/?ref_=chttp_t_160,1980
122127446,46000000,"Hugh Jackman, Jake Gyllenhaal, Viola Davis","Crime, Drama, Mystery",United States,Denis Villeneuve,8.2,803000,,R,153,"When Keller Dover's daughter and her friend go missing, he takes matters into his own hands as the police pursue multiple leads and the pressure mounts.",Prisoners,https://www.imdb.com/title/tt1392214/?ref_=chttp_t_158,2013
237728734,24000000,"Takuya Kimura, Tatsuya Gashûin, Chieko Baishô","Animation, Adventure, Family",Japan,Hayao Miyazaki,8.2,445000,Auru No Ugoku Shiro,PG,119,"When an unconfident young woman is cursed with an old body by a spiteful witch, her only chance of breaking the spell lies with a self-indulgent yet insecure young wizard and his companions in his legged, walking castle.",Howl'S Moving Castle,https://www.imdb.com/title/tt0347149/?ref_=chttp_t_159,2004
117668,250000,"Machiko Kyô, Toshirô Mifune, Masayuki Mori","Crime, Drama, Mystery",Japan,Akira Kurosawa,8.2,180000,Ashômon,Not Rated,88,"The rape of a bride and the murder of her samurai husband are recalled from the perspectives of a bandit, the bride, the samurai's ghost and a woodcutter.",Rashomon,https://www.imdb.com/title/tt0042876/?ref_=chttp_t_157,1950
941637960,94000000,"Ellen DeGeneres, Albert Brooks, Alexander Gould","Animation, Adventure, Comedy","United States, Japan",Andrew Stanton,8.2,11000000,,G,100,"After his son is captured in the Great Barrier Reef and taken to Sydney, a timid clownfish sets out on a journey to bring him home.",Finding Nemo,https://www.imdb.com/title/tt0266543/?ref_=chttp_t_156,2003
230637,4000000,"James Garner, Steve McQueen, Richard Attenborough","Adventure, Drama, Thriller",United States,John Sturges,8.2,258000,,Approved,172,Allied prisoners of war plan for several hundred of their number to escape from a German camp during World War II.,The Great Escape,https://www.imdb.com/title/tt0057115/?ref_=chttp_t_155,1963
46808,,"Tatsuya Nakadai, Toshirô Mifune, Eijirô Tôno","Action, Drama, Thriller",Japan,Akira Kurosawa,8.2,131000,Ôjinbô,Not Rated,110,A crafty ronin comes to a town divided by two criminal gangs and decides to play them against each other to free the town.,Yojimbo,https://www.imdb.com/title/tt0055630/?ref_=chttp_t_153,1961
2797103,291560.25,"John Cleese, Graham Chapman, Eric Idle","Adventure, Comedy, Fantasy",United Kingdom,Terry Gilliam,8.2,568000,,PG,91,"King Arthur and his Knights of the Round Table embark on a surreal, low-budget search for the Holy Grail, encountering many, very silly obstacles.",Monty Python And The Holy Grail,https://www.imdb.com/title/tt0071853/?ref_=chttp_t_154,1975
180908413,30000000,"Uma Thurman, David Carradine, Daryl Hannah","Action, Crime, Thriller",United States,Quentin Tarantino,8.2,12000000,,R,111,"After awakening from a four-year coma, a former assassin wreaks vengeance on the team of assassins who betrayed her.",Kill Bill: Vol. 1,https://www.imdb.com/title/tt0266697/?ref_=chttp_t_152,2003
5014000,3000000,"Tim Holt, Walter Huston, Humphrey Bogart","Adventure, Drama, Western",United States,John Huston,8.2,132000,,Passed,126,Two down-on-their-luck Americans searching for work in 1920s Mexico convince an old prospector to help them mine for gold in the Sierra Madre Mountains.,The Treasure Of The Sierra Madre,https://www.imdb.com/title/tt0040897/?ref_=chttp_t_151,1948
19872469,15000000,"Wilford Brimley, Kurt Russell, Keith David","Horror, Mystery, Sci-Fi","United States, Canada",John Carpenter,8.2,464000,,R,109,A research team in Antarctica is hunted by a shape-shifting alien that assumes the appearance of its victims.,The Thing,https://www.imdb.com/title/tt0084787/?ref_=chttp_t_150,1982
171632777,25000000,"Josh Brolin, Tommy Lee Jones, Javier Bardem","Crime, Drama, Thriller",United States,Ethan Coen,8.2,11000000,,R,122,Violence and mayhem ensue after a hunter stumbles upon the aftermath of a drug deal gone wrong and over two million dollars in cash near the Rio Grande.,No Country For Old Men,https://www.imdb.com/title/tt0477348/?ref_=chttp_t_149,2007
316791257,58000000,"Russell Crowe, Ed Harris, Jennifer Connelly","Biography, Drama, Mystery",United States,Ron Howard,8.2,983000,,PG-13,135,"A mathematical genius, John Nash made an astonishing discovery early in his career and stood on the brink of international acclaim. But the handsome and arrogant Nash soon found himself on a harrowing journey of self-discovery.",A Beautiful Mind,https://www.imdb.com/title/tt0268978/?ref_=chttp_t_148,2001
159167799,14400000,"Gene Hackman, Clint Eastwood, Morgan Freeman","Drama, Western",United States,Clint Eastwood,8.2,434000,,R,130,"Retired Old West gunslinger William Munny reluctantly takes on one last job, with the help of his old partner Ned Logan and a young man, The ""Schofield Kid.""",Unforgiven,https://www.imdb.com/title/tt0105695/?ref_=chttp_t_147,1992
83863565,19000000,"Ariadna Gil, Sergi López, Ivana Baquero","Drama, Fantasy, War","Mexico, Spain",Guillermo del Toro,8.2,701000,L Laberinto Del Fauno,R,118,"In the Falangist Spain of 1944, the bookish young stepdaughter of a sadistic army officer escapes into an eerie but captivating fantasy world.",Pan'S Labyrinth,https://www.imdb.com/title/tt0457430/?ref_=chttp_t_146,2006
672806432,40000000,"Bruce Willis, Toni Collette, Haley Joel Osment","Drama, Mystery, Thriller",United States,M. Night Shyamalan,8.2,1000000,,PG-13,107,"Malcolm Crowe, a child psychologist, starts treating a young boy, Cole, who encounters dead people and convinces him to help them. In turn, Cole helps Malcolm reconcile with his estranged wife.",The Sixth Sense,https://www.imdb.com/title/tt0167404/?ref_=chttp_t_145,1999
4166319,11500000,"Jinpachi Nezu, Tatsuya Nakadai, Akira Terao","Action, Drama, War","Japan, France",Akira Kurosawa,8.2,135000,,R,160,"In Medieval Japan, an elderly warlord retires, handing over his empire to his three sons. However, he vastly underestimates how the new-found power will corrupt them and cause them to turn on each other...and him.",Ran,https://www.imdb.com/title/tt0089881/?ref_=chttp_t_143,1985
116112375,52000000,"Joe Pesci, Robert De Niro, Sharon Stone","Crime, Drama","United States, France",Martin Scorsese,8.2,561000,,R,178,"In Las Vegas, two best friends - a casino executive and a mafia enforcer - compete for a gambling empire and a fast-living, fast-loving socialite.",Casino,https://www.imdb.com/title/tt0112641/?ref_=chttp_t_142,1995
1114456337,63000000,"Jeff Goldblum, Sam Neill, Laura Dern","Action, Adventure, Sci-Fi",United States,Steven Spielberg,8.2,11000000,,PG-13,127,A pragmatic paleontologist touring an almost complete theme park on an island in Central America is tasked with protecting a couple of kids after a power failure causes the park's cloned dinosaurs to run loose.,Jurassic Park,https://www.imdb.com/title/tt0107290/?ref_=chttp_t_144,1993
76186224,25000000,"Paul Dano, Daniel Day-Lewis, Ciarán Hinds",Drama,United States,Paul Thomas Anderson,8.2,638000,,R,158,"A story of family, religion, hatred, oil and madness, focusing on a turn-of-the-century prospector in the early days of the business.",There Will Be Blood,https://www.imdb.com/title/tt0469494/?ref_=chttp_t_140,2007
152366,1400000,"George Sanders, Anne Baxter, Bette Davis",Drama,United States,Joseph L. Mankiewicz,8.2,138000,,Passed,138,A seemingly timid but secretly ruthless ingénue insinuates herself into the lives of an aging Broadway star and her circle of theater friends.,All About Eve,https://www.imdb.com/title/tt0042192/?ref_=chttp_t_138,1950
294850027,80000000,"Emily Mortimer, Leonardo DiCaprio, Mark Ruffalo","Mystery, Thriller",United States,Martin Scorsese,8.2,14000000,,R,138,"Teddy Daniels and Chuck Aule, two US marshals, are sent to an asylum on a remote island in order to investigate the disappearance of a patient, where Teddy uncovers a shocking truth about the place.",Shutter Island,https://www.imdb.com/title/tt1130884/?ref_=chttp_t_141,2010
1495696292,170000000,"Tom Cruise, Miles Teller, Jennifer Connelly","Action, Drama",United States,Joseph Kosinski,8.2,684000,,PG-13,130,"After thirty years, Maverick is still pushing the envelope as a top naval aviator, but must confront ghosts of his past when he leads TOP GUN's elite graduates on a mission that demands the ultimate sacrifice from those chosen to fly it.",Top Gun: Maverick,https://www.imdb.com/title/tt1745960/?ref_=chttp_t_137,2022
264118712,60000000,"Laura Linney, Ed Harris, Jim Carrey","Comedy, Drama",United States,Peter Weir,8.2,12000000,,PG,103,An insurance salesman discovers his whole life is actually a reality TV show.,The Truman Show,https://www.imdb.com/title/tt0120382/?ref_=chttp_t_139,1998
24048935,6000000,"Olivia Colman, Mark Gatiss, Anthony Hopkins","Drama, Mystery","United Kingdom, France, United States",Florian Zeller,8.2,191000,,PG-13,97,"A man refuses all assistance from his daughter as he ages. As he tries to make sense of his changing circumstances, he begins to doubt his loved ones, his own mind and even the fabric of his reality.",The Father,https://www.imdb.com/title/tt10272386/?ref_=chttp_t_135,2020
321752656,23000000,"Linda Cardellini, Viggo Mortensen, Mahershala Ali","Biography, Comedy, Drama","United States, China",Peter Farrelly,8.2,564000,,PG-13,130,A working-class Italian-American bouncer becomes the driver for an African-American classical pianist on a tour of venues through the 1960s American South.,Green Book,https://www.imdb.com/title/tt6966692/?ref_=chttp_t_134,2018
12180,3000000,"Spencer Tracy, Burt Lancaster, Richard Widmark","Drama, War",United States,Stanley Kramer,8.3,85000,,Approved,179,"In 1948, an American court in occupied Germany tries four Nazis judged for war crimes.",Judgment At Nuremberg,https://www.imdb.com/title/tt0055031/?ref_=chttp_t_136,1961
41979,250000,"Jackie Coogan, Charles Chaplin, Edna Purviance","Comedy, Drama, Family",United States,Charles Chaplin,8.2,134000,,Passed,68,"The Tramp cares for an abandoned child, but events put their relationship in jeopardy.",The Kid,https://www.imdb.com/title/tt0012349/?ref_=chttp_t_133,1921
375325692,150000000,"Michael Caine, Christian Bale, Ken Watanabe","Action, Crime, Drama","United States, United Kingdom",Christopher Nolan,8.2,16000000,,PG-13,140,"After witnessing his parents' death, Bruce learns the art of fighting to confront injustice. When he returns to Gotham as Batman, he must stop a secret society that intends to destroy the city.",Batman Begins,https://www.imdb.com/title/tt0372784/?ref_=chttp_t_130,2005
199947,2883848,"Jack Lemmon, Marilyn Monroe, Tony Curtis","Comedy, Music, Romance",United States,Billy Wilder,8.2,282000,,Passed,121,"After two male musicians witness a mob hit, they flee the state in an all-female band disguised as women, but further complications set in.",Some Like It Hot,https://www.imdb.com/title/tt0053291/?ref_=chttp_t_132,1959
15000000,600000,"Lee Van Cleef, Clint Eastwood, Gian Maria Volontè","Drama, Western","Italy, Spain, West Germany",Sergio Leone,8.2,273000,Er Qualche Dollaro In Più,R,132,"Two bounty hunters with the same intentions team up to track down a gang of outlaws led by a psychotic Mexican bandit, who is plotting an audacious bank robbery.",For A Few Dollars More,https://www.imdb.com/title/tt0059578/?ref_=chttp_t_129,1965
303723636,8400000.0,"Fatima Sana Shaikh, Aamir Khan, Sakshi Tanwar","Action, Biography, Drama","India, United States",Nitesh Tiwari,8.3,209000,,Not Rated,161,Former wrestler Mahavir Singh Phogat and his two wrestler daughters struggle towards glory at the Commonwealth Games in the face of societal oppression.,Dangal,https://www.imdb.com/title/tt5074352/?ref_=chttp_t_128,2016
450159,133000,"Lianella Carell, Lamberto Maggiorani, Enzo Staiola",Drama,Italy,Vittorio De Sica,8.3,174000,Adri Di Biciclette,Not Rated,89,"In post-war Italy, a working-class man's bicycle is stolen, endangering his efforts to find work. He and his son set out to find it.",Bicycle Thieves,https://www.imdb.com/title/tt0040522/?ref_=chttp_t_124,1948
92181574,14715000.000000002,"Bruno Ganz, Alexandra Maria Lara, Ulrich Matthes","Biography, Drama, History","Germany, Austria, Italy",Oliver Hirschbiegel,8.2,374000,Er Untergang,R,156,"Traudl Junge, the final secretary for Adolf Hitler, tells of the Nazi dictator's final days in his Berlin bunker at the end of WWII.",Downfall,https://www.imdb.com/title/tt0363163/?ref_=chttp_t_127,2004
28579560,1300000,"Cybill Shepherd, Jodie Foster, Robert De Niro","Crime, Drama",United States,Martin Scorsese,8.2,915000,,R,114,"A mentally unstable veteran works as a nighttime taxi driver in New York City, where the perceived decadence and sleaze fuels his urge for violent action.",Taxi Driver,https://www.imdb.com/title/tt0075314/?ref_=chttp_t_126,1976
384580017,95000000,"Dean-Charles Chapman, Daniel Mays, George MacKay","Action, Drama, War","United Kingdom, United States, India, Spain",Sam Mendes,8.2,669000,,R,119,"April 6th, 1917. As an infantry battalion assembles to wage war deep in enemy territory, two soldiers are assigned to race against time and deliver a message that will stop 1,600 men from walking straight into a deadly trap.",1917,https://www.imdb.com/title/tt8579674/?ref_=chttp_t_125,2019
126216940,35000000,"Russell Crowe, Kevin Spacey, Guy Pearce","Crime, Drama, Mystery",United States,Curtis Hanson,8.2,615000,,R,138,"As corruption grows in 1950s Los Angeles, three policemen - one strait-laced, one brutal, and one sleazy - investigate a series of murders with their own brand of justice.",L.A. Confidential,https://www.imdb.com/title/tt0119488/?ref_=chttp_t_123,1997
21897373,,"Tisca Chopra, Aamir Khan, Darsheel Safary","Drama, Family",India,Aamir Khan,8.3,206000,Aare Zameen Par,PG,162,"An eight-year-old boy is thought to be a lazy trouble-maker, until the new art teacher has the patience and compassion to discover the real problem behind his struggles in school.",Like Stars On Earth,https://www.imdb.com/title/tt0986264/?ref_=chttp_t_120,2007
1349711,3329690.76,"Gustav Fröhlich, Alfred Abel, Brigitte Helm","Drama, Sci-Fi",Germany,Fritz Lang,8.3,185000,,Not Rated,153,"In a futuristic city sharply divided between the working class and the city planners, the son of the city's mastermind falls in love with a working-class prophet who predicts the coming of a savior to mediate their differences.",Metropolis,https://www.imdb.com/title/tt0017136/?ref_=chttp_t_119,1927
143651650,28000000,"Bruce Willis, Alan Rickman, Bonnie Bedelia","Action, Thriller",United States,John McTiernan,8.2,941000,,R,132,A New York City police officer tries to save his estranged wife and several others taken hostage by terrorists during a Christmas party at the Nakatomi Plaza in Los Angeles.,Die Hard,https://www.imdb.com/title/tt0095016/?ref_=chttp_t_118,1988
156000000,5500000,"Paul Newman, Robert Shaw, Robert Redford","Comedy, Crime, Drama",United States,George Roy Hill,8.3,279000,,PG,129,Two grifters team up to pull off the ultimate con.,The Sting,https://www.imdb.com/title/tt0070735/?ref_=chttp_t_115,1973
474171806,48000000,"Alison Doody, Sean Connery, Harrison Ford","Action, Adventure",United States,Steven Spielberg,8.2,808000,,PG-13,127,"In 1938, after his father goes missing while pursuing the Holy Grail, Indiana Jones finds himself up against the Nazis again to stop them from obtaining its powers.",Indiana Jones And The Last Crusade,https://www.imdb.com/title/tt0097576/?ref_=chttp_t_117,1989
187436818,60000000,"Val Kilmer, Al Pacino, Robert De Niro","Action, Crime, Drama",United States,Michael Mann,8.3,715000,,R,170,A group of high-end professional thieves start to feel the heat from the LAPD when they unknowingly leave a verbal clue at their latest heist.,Heat,https://www.imdb.com/title/tt0113277/?ref_=chttp_t_112,1995
22926076,500000,"Leila Hatami, Payman Maadi, Sareh Bayat",Drama,"Iran, France, Australia",Asghar Farhadi,8.3,258000,Odaeiye Nader Az Simin,PG-13,123,A married couple are faced with a difficult decision - to improve the life of their child by moving to another country or to stay in Iran and look after a deteriorating parent who has Alzheimer's disease.,A Separation,https://www.imdb.com/title/tt1832382/?ref_=chttp_t_116,2011
66443303,25000000,"Steven Bauer, Al Pacino, Michelle Pfeiffer","Crime, Drama",United States,Brian De Palma,8.3,911000,,18+,170,"In 1980 Miami, a determined Cuban immigrant takes over a drug cartel and succumbs to greed.",Scarface,https://www.imdb.com/title/tt0086250/?ref_=chttp_t_108,1983
174917965,10000000,"Mathieu Kassovitz, Audrey Tautou, Rufus","Comedy, Romance","France, Germany",Jean-Pierre Jeunet,8.3,792000,E Fabuleux Destin D'Amélie Poulain,R,122,"Despite being caught in her imaginative world, Amelie, a young waitress, decides to help people find happiness. Her quest to spread joy leads her on a journey where she finds true love.",Amélie,https://www.imdb.com/title/tt0211915/?ref_=chttp_t_109,2001
27023100,2200000,"Patrick Magee, Michael Bates, Malcolm McDowell","Crime, Sci-Fi","United Kingdom, United States",Stanley Kubrick,8.3,878000,,X,136,"In the future, a sadistic gang leader is imprisoned and volunteers for a conduct-aversion experiment, but it doesn't go as planned.",A Clockwork Orange,https://www.imdb.com/title/tt0066921/?ref_=chttp_t_111,1971
599146,2000000,"Frank Overton, Gregory Peck, John Megna","Crime, Drama",United States,Robert Mulligan,8.3,332000,,Approved,129,"Atticus Finch, a widowed lawyer in Depression-era Alabama, defends a Black man against an undeserved rape charge, and tries to educate his young children against prejudice.",To Kill A Mockingbird,https://www.imdb.com/title/tt0056592/?ref_=chttp_t_114,1962
19324,927262,"Edward G. Robinson, Barbara Stanwyck, Fred MacMurray","Crime, Drama, Film-Noir",United States,Billy Wilder,8.3,167000,,Passed,107,"A Los Angeles insurance representative lets an alluring housewife seduce him into a scheme of insurance fraud and murder that arouses the suspicion of his colleague, an insurance investigator.",Double Indemnity,https://www.imdb.com/title/tt0036775/?ref_=chttp_t_107,1944
735102136,175000000,"John Ratzenberger, Jordan Nagai, Edward Asner","Animation, Adventure, Comedy",United States,Pete Docter,8.3,11000000,,PG,96,"78-year-old Carl Fredricksen travels to Paradise Falls in his house equipped with balloons, inadvertently taking a young stowaway.",Up,https://www.imdb.com/title/tt1049413/?ref_=chttp_t_113,2009
46361894,30000000,"R. Lee Ermey, Vincent DOnofrio, Matthew Modine","Drama, War","United Kingdom, United States",Stanley Kubrick,8.3,787000,,R,116,A pragmatic U.S. Marine observes the dehumanizing effects the Vietnam War has on his fellow recruits from their brutal boot camp training to the bloody street fighting in Hue.,Full Metal Jacket,https://www.imdb.com/title/tt0093058/?ref_=chttp_t_110,1987
7803972,2479000,"James Stewart, Barbara Bel Geddes, Kim Novak","Mystery, Romance, Thriller",United States,Alfred Hitchcock,8.3,425000,,PG,128,"A former San Francisco police detective juggles wrestling with his personal demons and becoming obsessed with the hauntingly beautiful woman he has been hired to trail, who may be deeply disturbed.",Vertigo,https://www.imdb.com/title/tt0052357/?ref_=chttp_t_104,1958
6797861,6800000,"Mélissa Désormeaux-Poulin, Maxim Gaudette, Lubna Azabal","Drama, Mystery, War","Canada, France",Denis Villeneuve,8.3,198000,,R,131,Twins journey to the Middle East to discover their family history and fulfill their mother's last wishes.,Incendies,https://www.imdb.com/title/tt1255953/?ref_=chttp_t_106,2010
35566,,"Ellen Widmann, Peter Lorre, Inge Landgut","Crime, Mystery, Thriller",Germany,Fritz Lang,8.3,168000, - Eine Stadt Sucht Einen Mörder,Passed,99,"When the police in a German city are unable to catch a child-murderer, other criminals join in the manhunt.",M,https://www.imdb.com/title/tt0022100/?ref_=chttp_t_105,1931
1655357,839727,"Joseph Cotten, Dorothy Comingore, Orson Welles","Drama, Mystery",United States,Orson Welles,8.3,464000,,PG,119,"Following the death of publishing tycoon Charles Foster Kane, reporters scramble to uncover the meaning of his final utterance: 'Rosebud.'",Citizen Kane,https://www.imdb.com/title/tt0033467/?ref_=chttp_t_103,1941
18778738,3000000,"Jack Lemmon, Fred MacMurray, Shirley MacLaine","Comedy, Drama, Romance",United States,Billy Wilder,8.3,196000,,Approved,125,"A Manhattan insurance clerk tries to rise in his company by letting its executives use his apartment for trysts, but complications and a romance of his own ensue.",The Apartment,https://www.imdb.com/title/tt0053604/?ref_=chttp_t_101,1960
45744086,15000000,"Peter OToole, Alec Guinness, Anthony Quinn","Adventure, Biography, Drama",United Kingdom,David Lean,8.3,313000,,Approved,218,"The story of T.E. Lawrence, the English officer who successfully united and led the diverse, often warring, Arab tribes during World War I in order to fight the Turks.",Lawrence Of Arabia,https://www.imdb.com/title/tt0056172/?ref_=chttp_t_100,1962
149561,3101000,"James Mason, Eva Marie Saint, Cary Grant","Action, Adventure, Mystery",United States,Alfred Hitchcock,8.3,345000,,Approved,136,"A New York City advertising executive goes on the run after being mistaken for a government agent by a group of foreign spies, and falls for a woman whose loyalties he begins to doubt.",North By Northwest,https://www.imdb.com/title/tt0053125/?ref_=chttp_t_102,1959
96302,,"Shinichi Himori, Nobuo Kaneko, Takashi Shimura",Drama,Japan,Akira Kurosawa,8.3,87000,,Not Rated,143,A bureaucrat tries to find meaning in his life after he discovers he has terminal cancer.,Ikiru,https://www.imdb.com/title/tt0044741/?ref_=chttp_t_99,1952
15886373,3000000.0,"Thomas Bo Larsen, Mads Mikkelsen, Annika Wedderkopp",Drama,"Denmark, Sweden",Thomas Vinterberg,8.3,362000,Agten,R,115,"A teacher lives a lonely life, all the while struggling over his son's custody. His life slowly gets better as he finds love and receives good news from his son, but his new luck is about to be brutally shattered by an innocent little lie.",The Hunt,https://www.imdb.com/title/tt2106476/?ref_=chttp_t_96,2012
66543782,12000000,"William Sylvester, Gary Lockwood, Keir Dullea","Adventure, Sci-Fi","United Kingdom, United States",Stanley Kubrick,8.3,716000,,G,149,"After uncovering a mysterious artifact buried beneath the Lunar surface, a spacecraft is sent to Jupiter to find its origins: a spacecraft manned by two men and the supercomputer HAL 9000.",2001: A Space Odyssey,https://www.imdb.com/title/tt0062622/?ref_=chttp_t_97,1968
2929921,1200000,"Harvey Keitel, Michael Madsen, Tim Roth","Crime, Thriller",United States,Quentin Tarantino,8.3,11000000,,R,99,"When a simple jewelry heist goes horribly wrong, the surviving criminals begin to suspect that one of them is a police informant.",Reservoir Dogs,https://www.imdb.com/title/tt0105236/?ref_=chttp_t_98,1992
475106177,32500000,"Carrie Fisher, Harrison Ford, Mark Hamill","Action, Adventure, Fantasy",United States,Richard Marquand,8.3,11000000,,PG,131,"After rescuing Han Solo from Jabba the Hutt, the Rebels attempt to destroy the second Death Star, while Luke struggles to help Darth Vader back from the dark side.",Star Wars: Episode Vi - Return Of The Jedi,https://www.imdb.com/title/tt0086190/?ref_=chttp_t_94,1983
73390334,20000000,"Kate Winslet, Tom Wilkinson, Jim Carrey","Drama, Romance, Sci-Fi",United States,Michel Gondry,8.3,11000000,,R,108,"When their relationship turns sour, a couple undergoes a medical procedure to have each other erased from their memories for ever.",Eternal Sunshine Of The Spotless Mind,https://www.imdb.com/title/tt0338013/?ref_=chttp_t_95,2004
1067316101,200000000,"Joan Cusack, Tom Hanks, Tim Allen","Animation, Adventure, Comedy",United States,Lee Unkrich,8.3,889000,,G,103,"The toys are mistakenly delivered to a day-care center instead of the attic right before Andy leaves for college, and it's up to Woody to convince the other toys that they weren't abandoned and to return home.",Toy Story 3,https://www.imdb.com/title/tt0435761/?ref_=chttp_t_93,2010
20929648,,"Olga Mironova, Aleksey Kravchenko, Liubomiras Laucevicius","Drama, Thriller, War",Soviet Union,Elem Klimov,8.4,96000,Di I Smotri,Not Rated,142,"After finding an old rifle, a young boy joins the Soviet resistance movement against ruthless German forces and experiences the horrors of World War II.",Come And See,https://www.imdb.com/title/tt0091251/?ref_=chttp_t_92,1985
64417003,4000000,"Zain Al Rafeea, Boluwatife Treasure Bankole, Yordanos Shiferaw",Drama,"Lebanon, United States, France, Cyprus, Qatar, United Kingdom",Nadine Labaki,8.4,104000,Apharnaüm,R,126,"While serving a five-year sentence for a violent crime, a 12-year-old boy sues his parents for neglect.",Capernaum,https://www.imdb.com/title/tt8267604/?ref_=chttp_t_90,2018
7390108,4500000,"Ellen Burstyn, Jared Leto, Jennifer Connelly",Drama,United States,Darren Aronofsky,8.3,895000,,Unrated,102,The drug-induced utopias of four Coney Island people are shattered when their addictions run deep.,Requiem For A Dream,https://www.imdb.com/title/tt0180093/?ref_=chttp_t_91,2000
2008537,2540800,"Gene Kelly, Donald OConnor, Debbie Reynolds","Comedy, Musical, Romance",United States,Stanley Donen,8.3,259000,,G,103,A silent film star falls for a chorus girl just as he and his delusionally jealous screen partner are trying to make the difficult transition to talking pictures in 1920s Hollywood.,Singin' In The Rain,https://www.imdb.com/title/tt0045152/?ref_=chttp_t_89,1952
46808,,"Yutaka Sada, Tatsuya Nakadai, Toshirô Mifune","Crime, Drama, Mystery",Japan,Akira Kurosawa,8.4,53000,Engoku To Jigoku,Not Rated,143,An executive of a Yokohama shoe company becomes a victim of extortion when his chauffeur's son is kidnapped by mistake and held for ransom.,High And Low,https://www.imdb.com/title/tt0057565/?ref_=chttp_t_86,1963
382238191,2466666.6666666665,"Ryunosuke Kamiki, Ryo Narita, Mone Kamishiraishi","Animation, Drama, Fantasy",Japan,Makoto Shinkai,8.4,316000,Imi No Na Wa.,TV-PG,106,"Two teenagers share a profound, magical connection upon discovering they are swapping bodies. Things manage to become even more complicated when the boy and girl decide to meet in person.",Your Name.,https://www.imdb.com/title/tt5311514/?ref_=chttp_t_84,2016
170205105,16000000.0,"Yuriko Ishida, Yûko Tanaka, Yôji Matsuda","Animation, Action, Adventure","Japan, Australia",Hayao Miyazaki,8.3,431000,Ononoke-Hime,PG-13,134,"On a journey to find the cure for a Tatarigami's curse, Ashitaka finds himself in the middle of a war between the forest gods and Tatara, a mining colony. In this quest he also meets San, the Mononoke Hime.",Princess Mononoke,https://www.imdb.com/title/tt0119698/?ref_=chttp_t_82,1997
5475086,30000000,"James Woods, Robert De Niro, Elizabeth McGovern","Crime, Drama","United States, Italy",Sergio Leone,8.3,376000,,R,229,"A former Prohibition-era Jewish gangster returns to the Lower East Side of Manhattan 35 years later, where he must once again confront the ghosts and regrets of his old life.",Once Upon A Time In America,https://www.imdb.com/title/tt0087843/?ref_=chttp_t_85,1984
225933435,10000000,"Matt Damon, Robin Williams, Ben Affleck","Drama, Romance",United States,Gus Van Sant,8.3,11000000,,R,126,"Will Hunting, a janitor at M.I.T., has a gift for mathematics, but needs help from a psychologist to find direction in his life.",Good Will Hunting,https://www.imdb.com/title/tt0119217/?ref_=chttp_t_83,1997
60262836,6600000.0,"Mona Singh, Aamir Khan, Madhavan","Comedy, Drama",India,Rajkumar Hirani,8.4,432000,,PG-13,170,"Two friends are searching for their long lost companion. They revisit their college days and recall the memories of their friend who inspired them to think differently, even as the rest of the world called them ""idiots"".",3 Idiots,https://www.imdb.com/title/tt1187043/?ref_=chttp_t_87,2009
2799439100,356000000,"Mark Ruffalo, Chris Evans, Robert Downey Jr.","Action, Adventure, Drama",United States,Anthony Russo,8.4,13000000,,PG-13,181,"After the devastating events of Avengers: Infinity War (2018), the universe is in ruins. With the help of remaining allies, the Avengers assemble once more in order to reverse Thanos' actions and restore balance to the universe.",Avengers: Endgame,https://www.imdb.com/title/tt4154796/?ref_=chttp_t_80,2019
213216216,72000000,"Sophie Marceau, Mel Gibson, Patrick McGoohan","Biography, Drama, History",United States,Mel Gibson,8.3,11000000,,R,178,Scottish warrior William Wallace leads his countrymen in a rebellion to free his homeland from the tyranny of King Edward I of England.,Braveheart,https://www.imdb.com/title/tt0112573/?ref_=chttp_t_79,1995
1078958629,55000000,"Joaquin Phoenix, Robert De Niro, Zazie Beetz","Crime, Drama, Thriller","United States, Canada, Australia",Todd Phillips,8.4,15000000,,R,122,"During the 1980s, a failed stand-up comedian is driven insane and turns to a life of crime and chaos in Gotham City while becoming an infamous psychopathic crime figure.",Joker,https://www.imdb.com/title/tt7286456/?ref_=chttp_t_81,2019
814337054,175000000,"Gael García Bernal, Anthony Gonzalez, Benjamin Bratt","Animation, Adventure, Drama","United States, Mexico",Lee Unkrich,8.4,585000,,PG,105,"Aspiring musician Miguel, confronted with his family's ancestral ban on music, enters the Land of the Dead to find his great-great-grandfather, a legendary singer.",Coco,https://www.imdb.com/title/tt2380307/?ref_=chttp_t_75,2017
394436586,30000000,"Tom Hanks, Tim Allen, Don Rickles","Animation, Adventure, Comedy",United States,John Lasseter,8.3,11000000,,G,81,A cowboy doll is profoundly threatened and jealous when a new spaceman action figure supplants him as top toy in a boy's bedroom.,Toy Story,https://www.imdb.com/title/tt0114709/?ref_=chttp_t_77,1995
52068956,18000000,"Elizabeth Berridge, F. Murray Abraham, Tom Hulce","Biography, Drama, Music","United States, France",Milos Forman,8.4,426000,,PG,160,"The life, success and troubles of Wolfgang Amadeus Mozart, as told by Antonio Salieri, the contemporaneous composer who was deeply jealous of Mozart's talent and claimed to have murdered him.",Amadeus,https://www.imdb.com/title/tt0086879/?ref_=chttp_t_76,1984
356296601,15000000,"Thora Birch, Kevin Spacey, Annette Bening",Drama,United States,Sam Mendes,8.3,12000000,,R,122,A sexually frustrated suburban father has a mid-life crisis after becoming infatuated with his daughter's best friend.,American Beauty,https://www.imdb.com/title/tt0169547/?ref_=chttp_t_73,1999
9529170,1800000,"George C. Scott, Sterling Hayden, Peter Sellers","Comedy, War","United Kingdom, United States",Stanley Kubrick,8.4,516000,,PG,95,"An insane American general orders a bombing attack on the Soviet Union, triggering a path to nuclear holocaust that a war room full of politicians and generals frantically tries to stop.",Dr. Strangelove Or: How I Learned To Stop Worrying And Love The Bomb,https://www.imdb.com/title/tt0057012/?ref_=chttp_t_72,1964
321458605,70000000,"Brad Pitt, Eli Roth, Diane Kruger","Adventure, Drama, War","Germany, United States",Quentin Tarantino,8.4,16000000,,R,153,"In Nazi-occupied France during World War II, a plan to assassinate Nazi leaders by a group of Jewish U.S. soldiers coincides with a theatre owner's vengeful plans for the same.",Inglourious Basterds,https://www.imdb.com/title/tt0361748/?ref_=chttp_t_70,2009
131060248,18500000,"Michael Biehn, Sigourney Weaver, Carrie Henn","Action, Adventure, Sci-Fi","United Kingdom, United States",James Cameron,8.4,759000,,R,137,"Decades after surviving the Nostromo incident, Ellen Ripley is sent out to re-establish contact with a terraforming colony but finds herself battling the Alien Queen and her offspring.",Aliens,https://www.imdb.com/title/tt0090605/?ref_=chttp_t_69,1986
1114104809,250000000,"Anne Hathaway, Christian Bale, Tom Hardy","Action, Drama, Thriller","United States, United Kingdom",Christopher Nolan,8.4,18000000,,PG-13,164,"Eight years after the Joker's reign of chaos, Batman is coerced out of exile with the assistance of the mysterious Selina Kyle in order to defend Gotham City from the vicious guerrilla terrorist Bane.",The Dark Knight Rises,https://www.imdb.com/title/tt1345836/?ref_=chttp_t_71,2012
47331712,19000000,"Jack Nicholson, Shelley Duvall, Danny Lloyd","Drama, Horror","United Kingdom, United States",Stanley Kubrick,8.4,11000000,,R,146,"A family heads to an isolated hotel for the winter where a sinister presence influences the father into violence, while his psychic son sees horrific forebodings from both past and future.",The Shining,https://www.imdb.com/title/tt0081505/?ref_=chttp_t_66,1980
7693,3000000,"Charles Laughton, Tyrone Power, Marlene Dietrich","Crime, Drama, Mystery",United States,Billy Wilder,8.4,137000,,Approved,116,A veteran British barrister must defend his client in a murder trial that has surprise after surprise.,Witness For The Prosecution,https://www.imdb.com/title/tt0051201/?ref_=chttp_t_67,1957
972212,2000000,"Jack Oakie, Charles Chaplin, Paulette Goddard","Comedy, Drama, War",United States,Charles Chaplin,8.4,236000,,G,125,Dictator Adenoid Hynkel tries to expand his empire while a poor Jewish barber tries to avoid persecution from Hynkel's regime.,The Great Dictator,https://www.imdb.com/title/tt0032553/?ref_=chttp_t_68,1940
384298736,90000000,"Jake Johnson, Hailee Steinfeld, Shameik Moore","Animation, Action, Adventure","Canada, United States",Bob Persichetti,8.4,665000,,PG,117,Teen Miles Morales becomes the Spider-Man of his universe and must join with five spider-powered individuals from other dimensions to stop a threat for all realities.,Spider-Man: Into The Spider-Verse,https://www.imdb.com/title/tt4633694/?ref_=chttp_t_65,2018
5477,935000,"Adolphe Menjou, Kirk Douglas, Ralph Meeker","Drama, War",United States,Stanley Kubrick,8.4,211000,,Approved,88,"After a failed attack on a German position, a general orders three soldiers, chosen at random, court-martialed for cowardice and their commanding officer must defend them.",Paths Of Glory,https://www.imdb.com/title/tt0050825/?ref_=chttp_t_63,1957
304474,1752000,"Erich von Stroheim, Gloria Swanson, William Holden","Drama, Film-Noir",United States,Billy Wilder,8.4,235000,Unset Boulevard,Passed,110,A screenwriter develops a dangerous relationship with a faded film star determined to make a triumphant return.,Sunset Blvd.,https://www.imdb.com/title/tt0043014/?ref_=chttp_t_62,1950
2052415039,321000000,"Chris Hemsworth, Mark Ruffalo, Robert Downey Jr.","Action, Adventure, Sci-Fi","United States, Norway",Anthony Russo,8.4,12000000,,PG-13,149,The Avengers and their allies must be willing to sacrifice all in an attempt to defeat the powerful Thanos before his blitz of devastation and ruin puts an end to the universe.,Avengers: Infinity War,https://www.imdb.com/title/tt4154756/?ref_=chttp_t_64,2018
77357476,2000000,"Martina Gedeck, Ulrich Mühe, Sebastian Koch","Drama, Mystery, Thriller","Germany, France",Florian Henckel von Donnersmarck,8.4,409000,As Leben Der Anderen,R,137,"In 1984 East Berlin, an agent of the secret police, conducting surveillance on a writer and his lover, finds himself becoming increasingly absorbed by their lives.",The Lives Of Others,https://www.imdb.com/title/tt0405094/?ref_=chttp_t_61,2006
389925971,18000000,"Paul Freeman, Harrison Ford, Karen Allen","Action, Adventure",United States,Steven Spielberg,8.4,1000000,,PG,115,"In 1936, archaeologist and adventurer Indiana Jones is hired by the U.S. government to find the Ark of the Covenant before the Nazis can obtain its awesome powers.",Raiders Of The Lost Ark,https://www.imdb.com/title/tt0082971/?ref_=chttp_t_60,1981
521320168,180000000,"Ben Burtt, Elissa Knight, Jeff Garlin","Animation, Adventure, Family","United States, Japan",Andrew Stanton,8.4,12000000,,G,98,"In the distant future, a small waste-collecting robot inadvertently embarks on a space journey that will ultimately decide the fate of mankind.",Wall·E,https://www.imdb.com/title/tt0910970/?ref_=chttp_t_59,2008
40047236,9000000,"Joe Pantoliano, Guy Pearce, Carrie-Anne Moss","Mystery, Thriller",United States,Christopher Nolan,8.4,13000000,,R,113,A man with short-term memory loss attempts to track down his wife's murderer.,Memento,https://www.imdb.com/title/tt0209144/?ref_=chttp_t_58,2000
426076293,100000000,"Christoph Waltz, Leonardo DiCaprio, Jamie Foxx","Drama, Western",United States,Quentin Tarantino,8.5,17000000,,R,165,"With the help of a German bounty-hunter, a freed slave sets out to rescue his wife from a brutal plantation owner in Mississippi.",Django Unchained,https://www.imdb.com/title/tt1853728/?ref_=chttp_t_57,2012
104911478,31500000,"Marlon Brando, Robert Duvall, Martin Sheen","Drama, Mystery, War",United States,Francis Ford Coppola,8.4,707000,,R,147,A U.S. Army officer serving in Vietnam is tasked with assassinating a renegade Special Forces Colonel who sees himself as a god.,Apocalypse Now,https://www.imdb.com/title/tt0078788/?ref_=chttp_t_56,1979
5435312,5000000,"Claudia Cardinale, Charles Bronson, Henry Fonda",Western,"Italy, United States",Sergio Leone,8.5,348000,'Era Una Volta Il West,PG-13,166,A mysterious stranger with a harmonica joins forces with a notorious desperado to protect a beautiful widow from a ruthless assassin working for the railroad.,Once Upon A Time In The West,https://www.imdb.com/title/tt0064116/?ref_=chttp_t_52,1968
50419,1500000,"Florence Lee, Virginia Cherrill, Charles Chaplin","Comedy, Drama, Romance",United States,Charles Chaplin,8.5,195000,,G,87,"With the aid of a wealthy erratic tippler, a dewy-eyed tramp who has fallen in love with a sightless flower girl accumulates money to be able to help her medically.",City Lights,https://www.imdb.com/title/tt0021749/?ref_=chttp_t_54,1931
463618,1500000,"Henry Bergman, Charles Chaplin, Paulette Goddard","Comedy, Drama, Romance",United States,Charles Chaplin,8.5,258000,,G,87,The Tramp struggles to live in modern industrial society with the help of a young homeless woman.,Modern Times,https://www.imdb.com/title/tt0027977/?ref_=chttp_t_50,1936
37039396,1000000,"Wendell Corey, James Stewart, Grace Kelly","Mystery, Thriller",United States,Alfred Hitchcock,8.5,520000,,PG,112,"A photographer in a wheelchair spies on his neighbors from his Greenwich Village courtyard apartment window, and becomes convinced one of them has committed murder, despite the skepticism of his fashion-model girlfriend.",Rear Window,https://www.imdb.com/title/tt0047396/?ref_=chttp_t_51,1954
13020497,5000000,"Enzo Cannavale, Philippe Noiret, Antonella Attili","Drama, Romance","Italy, France",Giuseppe Tornatore,8.5,281000,Uovo Cinema Paradiso,PG,174,A filmmaker recalls his childhood when falling in love with the pictures at the cinema of his home village and forms a deep friendship with the cinema's projectionist.,Cinema Paradiso,https://www.imdb.com/title/tt0095765/?ref_=chttp_t_49,1988
426590315,10355000.0,"Anne Le Ny, François Cluzet, Omar Sy","Comedy, Drama",France,Olivier Nakache,8.5,924000,Ntouchables,R,112,"After he becomes a quadriplegic from a paragliding accident, an aristocrat hires a young man from the projects to be his caregiver.",The Intouchables,https://www.imdb.com/title/tt1675434/?ref_=chttp_t_48,2011
4656207,950000,"Paul Henreid, Ingrid Bergman, Humphrey Bogart","Drama, Romance, War",United States,Michael Curtiz,8.5,604000,,PG,102,A cynical expatriate American cafe owner struggles to decide whether or not to help his former lover and her fugitive husband escape the Nazis in French Morocco.,Casablanca,https://www.imdb.com/title/tt0034583/?ref_=chttp_t_47,1942
23341568,6000000,"Kevin Spacey, Chazz Palminteri, Gabriel Byrne","Crime, Drama, Mystery","United States, Germany",Bryan Singer,8.5,11000000,,R,106,The sole survivor of a pier shoot-out tells the story of how a notorious criminal influenced the events that began with five criminals meeting in a seemingly random police lineup.,The Usual Suspects,https://www.imdb.com/title/tt0114814/?ref_=chttp_t_46,1995
106285522,11000000,"Tom Skerritt, Sigourney Weaver, John Hurt","Horror, Sci-Fi","United Kingdom, United States",Ridley Scott,8.5,945000,,R,117,The crew of a commercial spacecraft encounters a deadly lifeform after investigating a mysterious transmission of unknown origin.,Alien,https://www.imdb.com/title/tt0078748/?ref_=chttp_t_53,1979
15222,,"Akira Ishihama, Shima Iwashita, Tatsuya Nakadai","Action, Drama, Mystery",Japan,Masaki Kobayashi,8.6,68000,Eppuku,Not Rated,133,"When a ronin requesting seppuku at a feudal lord's palace is told of the brutal suicide of another ronin who previously visited, he reveals how their pasts are intertwined - and in doing so challenges the clan's integrity.",Harakiri,https://www.imdb.com/title/tt0056058/?ref_=chttp_t_45,1962
519421,3700000,"Akemi Yamaguchi, Tsutomu Tatsumi, Ayano Shiraishi","Animation, Drama, War","Japan, United States",Isao Takahata,8.5,308000,Otaru No Haka,Not Rated,89,A young boy and his little sister struggle to survive in Japan during World War II.,Grave Of The Fireflies,https://www.imdb.com/title/tt0095327/?ref_=chttp_t_44,1988
23875714,20000000,"Edward Norton, Beverly DAngelo, Edward Furlong","Crime, Drama",United States,Tony Kaye,8.5,12000000,,R,119,"Living a life marked by violence, neo-Nazi Derek finally goes to prison after killing two black youths. Upon his release, Derek vows to change; he hopes to prevent his brother, Danny, who idolizes Derek, from following in his footsteps.",American History X,https://www.imdb.com/title/tt0120586/?ref_=chttp_t_41,1998
109676311,40000000,"Hugh Jackman, Christian Bale, Scarlett Johansson","Drama, Mystery, Sci-Fi","United Kingdom, United States",Christopher Nolan,8.5,14000000,,PG-13,130,"After a tragic accident, two stage magicians in 1890s London engage in a battle to create the ultimate illusion while sacrificing everything they have to outwit each other.",The Prestige,https://www.imdb.com/title/tt0482571/?ref_=chttp_t_43,2006
19570198,18400000.0,"Natalie Portman, Gary Oldman, Jean Reno","Action, Crime, Drama","France, United States",Luc Besson,8.5,12000000,Éon,R,110,"12-year-old Mathilda is reluctantly taken in by Léon, a professional assassin, after her family is murdered. An unusual relationship forms as she becomes his protégée and learns the assassin's trade.",Léon: The Professional,https://www.imdb.com/title/tt0110413/?ref_=chttp_t_39,1994
465387186,103000000,"Russell Crowe, Joaquin Phoenix, Connie Nielsen","Action, Adventure, Drama","United States, United Kingdom, Malta, Morocco",Ridley Scott,8.5,16000000,,R,155,A former Roman General sets out to exact vengeance against the corrupt emperor who murdered his family and sent him into slavery.,Gladiator,https://www.imdb.com/title/tt0172495/?ref_=chttp_t_37,2000
49449489,3300000,"Melissa Benoist, Miles Teller, J.K. Simmons","Drama, Music",United States,Damien Chazelle,8.5,980000,,R,106,A promising young drummer enrolls at a cut-throat music conservatory where his dreams of greatness are mentored by an instructor who will stop at nothing to realize a student's potential.,Whiplash,https://www.imdb.com/title/tt2582802/?ref_=chttp_t_42,2014
968750694,45000000,"Jeremy Irons, Matthew Broderick, James Earl Jones","Animation, Adventure, Drama",United States,Roger Allers,8.5,11000000,,G,88,"Lion prince Simba and his father are targeted by his bitter uncle, who wants to ascend the throne himself.",The Lion King,https://www.imdb.com/title/tt0110357/?ref_=chttp_t_38,1994
291481358,90000000,"Leonardo DiCaprio, Matt Damon, Jack Nicholson","Crime, Drama, Thriller","United States, Hong Kong",Martin Scorsese,8.5,14000000,,R,151,An undercover cop and a mole in the police attempt to identify each other while infiltrating an Irish gang in South Boston.,The Departed,https://www.imdb.com/title/tt0407887/?ref_=chttp_t_40,2006
32060008,806947,"Janet Leigh, Vera Miles, Anthony Perkins","Horror, Mystery, Thriller",United States,Alfred Hitchcock,8.5,715000,,R,109,"A Phoenix secretary embezzles $40,000 from her employer's client, goes on the run and checks into a remote motel run by a young man under the domination of his mother.",Psycho,https://www.imdb.com/title/tt0054215/?ref_=chttp_t_36,1960
690897910,150000000,"Hailee Steinfeld, Brian Tyree Henry, Shameik Moore","Animation, Action, Adventure",United States,Joaquim Dos Santos,8.6,358000,,PG,140,"Miles Morales catapults across the multiverse, where he encounters a team of Spider-People charged with protecting its very existence. When the heroes clash on how to handle a new threat, Miles must redefine what it means to be a hero.",Spider-Man: Across The Spider-Verse,https://www.imdb.com/title/tt9362722/?ref_=chttp_t_35,2023
262099264,11400000,"Song Kang-ho, Cho Yeo-jeong, Lee Sun-kyun","Drama, Thriller",South Korea,Bong Joon Ho,8.5,947000,Isaengchung,R,132,Greed and class discrimination threaten the newly formed symbiotic relationship between the wealthy Park family and the destitute Kim clan.,Parasite,https://www.imdb.com/title/tt6751668/?ref_=chttp_t_34,2019
120093683,35000000,"Thomas Kretschmann, Adrien Brody, Frank Finlay","Biography, Drama, Music","France, Poland, Germany, United Kingdom, United States",Roman Polanski,8.5,906000,,R,150,"During WWII, acclaimed Polish musician Wladyslaw faces various struggles as he loses contact with his family. As the situation worsens, he hides in the ruins of Warsaw in order to survive.",The Pianist,https://www.imdb.com/title/tt0253474/?ref_=chttp_t_33,2002
357561772,19000000,"Daveigh Chase, Suzanne Pleshette, Miyu Irino","Animation, Adventure, Family",Japan,Hayao Miyazaki,8.6,843000,En To Chihiro No Kamikakushi,PG,125,"During her family's move to the suburbs, a sullen 10-year-old girl wanders into a world ruled by gods, witches and spirits, a world where humans are changed into beasts.",Spirited Away,https://www.imdb.com/title/tt0245429/?ref_=chttp_t_32,2001
384577472,19000000,"Lea Thompson, Christopher Lloyd, Michael J. Fox","Adventure, Comedy, Sci-Fi",United States,Robert Zemeckis,8.5,13000000,,PG,116,"Marty McFly, a 17-year-old high school student, is accidentally sent 30 years into the past in a time-traveling DeLorean invented by his close friend, the maverick scientist Doc Brown.",Back To The Future,https://www.imdb.com/title/tt0088763/?ref_=chttp_t_31,1985
775398007,11000000,"Carrie Fisher, Harrison Ford, Mark Hamill","Action, Adventure, Fantasy",United States,George Lucas,8.6,14000000,Tar Wars,PG,121,"Luke Skywalker joins forces with a Jedi Knight, a cocky pilot, a Wookiee and two droids to save the galaxy from the Empire's world-destroying battle station, while also attempting to rescue Princess Leia from the mysterious Darth Vader.",Star Wars: Episode Iv - A New Hope,https://www.imdb.com/title/tt0076759/?ref_=chttp_t_30,1977
230099013,20000000,"Giorgio Cantarini, Roberto Benigni, Nicoletta Braschi","Comedy, Drama, Romance",Italy,Roberto Benigni,8.6,740000,A Vita È Bella,PG-13,116,"When an open-minded Jewish waiter and his son become victims of the Holocaust, he uses a perfect mixture of will, humor and imagination to protect his son from the dangers around their camp.",Life Is Beautiful,https://www.imdb.com/title/tt0118799/?ref_=chttp_t_27,1997
520881154,102000000,"Linda Hamilton, Arnold Schwarzenegger, Edward Furlong","Action, Adventure, Sci-Fi",United States,James Cameron,8.6,12000000,,R,137,"A cyborg, identical to the one who failed to kill Sarah Connor, must now protect her ten year old son John from an even more advanced and powerful cyborg.",Terminator 2: Judgment Day,https://www.imdb.com/title/tt0103064/?ref_=chttp_t_29,1991
286801374,60000000,"David Morse, Tom Hanks, Michael Clarke Duncan","Crime, Drama, Fantasy",United States,Frank Darabont,8.6,14000000,,R,189,"A tale set on death row, where gentle giant John Coffey possesses the mysterious power to heal people's ailments. When the lead guard, Paul Edgecombe, recognizes John's gift, he tries to help stave off the condemned man's execution.",The Green Mile,https://www.imdb.com/title/tt0120689/?ref_=chttp_t_28,1999
25259657,1200000,"Lee Van Cleef, Clint Eastwood, Eli Wallach","Adventure, Western","Italy, Spain, West Germany",Sergio Leone,8.8,807000,"L Buono, Il Brutto, Il Cattivo",Approved,178,A bounty hunting scam joins two men in an uneasy alliance against a third in a race to find a fortune in gold buried in a remote cemetery.,"The Good, The Bad And The Ugly",https://www.imdb.com/title/tt0060196/?ref_=chttp_t_10,1966
678226465,55000000,"Robin Wright, Tom Hanks, Gary Sinise","Drama, Romance",United States,Robert Zemeckis,8.8,22000000,,PG-13,142,"The history of the United States from the 1950s to the '70s unfolds from the perspective of an Alabama man with an IQ of 75, who yearns to be reunited with his childhood sweetheart.",Forrest Gump,https://www.imdb.com/title/tt0109830/?ref_=chttp_t_11,1994
884041698,93000000,"Orlando Bloom, Elijah Wood, Ian McKellen","Action, Adventure, Drama","New Zealand, United States",Peter Jackson,8.9,2000000,,PG-13,178,A meek Hobbit from the Shire and eight companions set out on a journey to destroy the powerful One Ring and save Middle-earth from the Dark Lord Sauron.,The Lord Of The Rings: The Fellowship Of The Ring,https://www.imdb.com/title/tt0120737/?ref_=chttp_t_9,2001
213928762,8000000,"Uma Thurman, Samuel L. Jackson, John Travolta","Crime, Drama",United States,Quentin Tarantino,8.9,22000000,,R,154,"The lives of two mob hitmen, a boxer, a gangster and his wife, and a pair of diner bandits intertwine in four tales of violence and redemption.",Pulp Fiction,https://www.imdb.com/title/tt0110912/?ref_=chttp_t_8,1994
1156598523,94000000,"Elijah Wood, Viggo Mortensen, Ian McKellen","Action, Adventure, Drama","New Zealand, United States",Peter Jackson,9.0,2000000,,PG-13,201,Gandalf and Aragorn lead the World of Men against Sauron's army to draw his gaze from Frodo and Sam as they approach Mount Doom with the One Ring.,The Lord Of The Rings: The Return Of The King,https://www.imdb.com/title/tt0167260/?ref_=chttp_t_7,2003
322161245,22000000,"Ralph Fiennes, Ben Kingsley, Liam Neeson","Biography, Drama, History",United States,Steven Spielberg,9.0,14000000,,R,195,"In German-occupied Poland during World War II, industrialist Oskar Schindler gradually becomes concerned for his Jewish workforce after witnessing their persecution by the Nazis.",Schindler'S List,https://www.imdb.com/title/tt0108052/?ref_=chttp_t_6,1993
250342030,6000000,"Marlon Brando, James Caan, Al Pacino","Crime, Drama",United States,Francis Ford Coppola,9.2,2000000,,R,175,The aging patriarch of an organized crime dynasty transfers control of his clandestine empire to his reluctant son.,The Godfather,https://www.imdb.com/title/tt0068646/?ref_=chttp_t_2,1972
2667,350000,"Martin Balsam, Henry Fonda, Lee J. Cobb","Crime, Drama",United States,Sidney Lumet,9.0,859000,,Approved,96,The jury in a New York City murder trial is frustrated by a single member whose skeptical caution forces them to more carefully consider the evidence before jumping to a hasty verdict.,12 Angry Men,https://www.imdb.com/title/tt0050083/?ref_=chttp_t_5,1957
1029315930,185000000,"Christian Bale, Heath Ledger, Aaron Eckhart","Action, Crime, Drama","United States, United Kingdom",Christopher Nolan,9.0,29000000,,PG-13,152,"When the menace known as the Joker wreaks havoc and chaos on the people of Gotham, Batman must accept one of the greatest psychological and physical tests of his ability to fight injustice.",The Dark Knight,https://www.imdb.com/title/tt0468569/?ref_=chttp_t_3,2008
47962683,13000000,"Robert Duvall, Al Pacino, Robert De Niro","Crime, Drama",United States,Francis Ford Coppola,9.0,14000000,,R,202,"The early life and career of Vito Corleone in 1920s New York City is portrayed, while his son, Michael, expands and tightens his grip on the family crime syndicate.",The Godfather Part Ii,https://www.imdb.com/title/tt0071562/?ref_=chttp_t_4,1974
83557872,7620000.0,"Brad Pitt, Jason Statham, Stephen Graham","Comedy, Crime","United Kingdom, United States",Guy Ritchie,8.2,906000,,R,102,"Unscrupulous boxing promoters, violent bookmakers, a Russian gangster, incompetent amateur robbers and supposedly Jewish jewelers fight to track down a priceless stolen diamond.",Snatch,https://www.imdb.com/title/tt0208092/?ref_=chttp_t_122,2000
